"Player","Team","POS","ATT","YDS","TDS","REC","YDS","TDS","FL","FPTS"
" "," ","","",""
"Jahmyr Gibbs","DET","RB1","17.4","85.8","0.9","3.9","29.6","0.2","0.1","19.6"
"Bijan Robinson","ATL","RB2","17.8","82.8","0.5","4.3","37.0","0.2","0.1","18.1"
"Christian McCaffrey","SF","RB3","15.7","63.3","0.5","4.6","36.2","0.3","0.1","16.8"
"Puka Nacua","LAR","WR1","0.6","4.2","0.0","7.2","93.6","0.5","0.0","16.7"
"Ja'Marr Chase","CIN","WR2","0.2","1.1","0.0","6.9","88.2","0.7","0.0","16.5"
"Jonathan Taylor","IND","RB4","17.7","81.7","0.7","2.9","21.8","0.1","0.1","16.1"
"Jaxon Smith-Njigba","SEA","WR3","0.4","1.8","0.0","6.8","92.1","0.5","0.0","15.8"
"Amon-Ra St. Brown","DET","WR4","0.2","1.0","0.0","6.9","84.7","0.6","0.0","15.8"
"De'Von Achane","MIA","RB5","14.6","76.6","0.4","3.6","26.6","0.2","0.1","15.6"
"Derrick Henry","BAL","RB6","17.4","83.5","0.7","1.2","10.6","0.1","0.1","14.6"
"Omarion Hampton","LAC","RB7","15.1","68.2","0.6","3.2","20.7","0.1","0.1","14.5"
"Saquon Barkley","PHI","RB8","17.0","75.0","0.5","2.4","19.5","0.1","0.1","14.5"
"James Cook III","BUF","RB9","15.9","75.2","0.6","2.3","17.1","0.1","0.1","14.2"
"Chase Brown","CIN","RB10","13.9","59.2","0.4","3.9","25.3","0.2","0.1","14.1"
"CeeDee Lamb","DAL","WR5","0.2","0.9","0.0","6.0","80.5","0.5","0.0","14.0"
"Javonte Williams","DAL","RB11","16.8","76.1","0.6","2.3","12.6","0.1","0.1","14.0"
"Justin Jefferson","MIN","WR6","0.1","0.6","0.0","6.2","81.7","0.4","0.0","13.8"
"Nico Collins","HOU","WR7","0.1","0.9","0.0","5.3","78.5","0.5","0.0","13.5"
"Ashton Jeanty","LV","RB12","15.9","64.4","0.5","3.1","20.4","0.1","0.1","13.5"
"Kenneth Walker III","KC","RB13","15.7","66.9","0.5","2.7","20.0","0.1","0.1","13.3"
"Breece Hall","NYJ","RB14","15.4","67.6","0.4","2.5","21.2","0.1","0.1","13.2"
"Drake London","ATL","WR8","0.0","0.1","0.0","5.6","73.8","0.4","0.0","12.8"
"Kyren Williams","LAR","RB15","13.9","64.0","0.6","2.0","12.9","0.1","0.1","12.7"
"George Pickens","DAL","WR9","0.0","0.2","0.0","4.9","74.3","0.5","0.0","12.6"
"Zay Flowers","BAL","WR10","0.4","2.3","0.0","5.3","73.7","0.4","0.0","12.5"
"A.J. Brown","NE","WR11","0.0","0.1","0.0","5.2","72.4","0.4","0.0","12.4"
"Cam Skattebo","NYG","RB16","12.9","56.0","0.5","2.6","20.4","0.1","0.1","12.3"
"Chris Olave","NO","WR12","0.0","0.1","0.0","5.6","71.4","0.4","0.0","12.3"
"Travis Etienne Jr.","NO","RB17","14.4","61.3","0.3","2.7","20.7","0.1","0.1","12.1"
"Brock Bowers","LV","TE1","0.2","0.8","0.0","6.1","62.7","0.5","0.0","12.1"
"David Montgomery","HOU","RB18","13.9","60.9","0.6","1.9","13.6","0.1","0.1","12.1"
"DeVonta Smith","PHI","WR13","0.0","0.1","0.0","5.2","68.7","0.4","0.0","12.0"
"Tee Higgins","CIN","WR14","0.0","0.2","0.0","4.4","62.9","0.6","0.0","11.9"
"Tetairoa McMillan","CAR","WR15","0.0","0.2","0.0","4.7","70.3","0.4","0.0","11.8"
"Jeremiyah Love","ARI","RB19","11.8","51.6","0.3","3.2","23.6","0.1","0.1","11.7"
"D'Andre Swift","CHI","RB20","12.9","59.9","0.5","2.0","14.8","0.1","0.1","11.5"
"Malik Nabers","NYG","WR16","0.2","0.8","0.0","4.9","61.8","0.5","0.0","11.4"
"Trey McBride","ARI","TE2","0.0","0.0","0.0","6.3","61.3","0.4","0.0","11.4"
"Rashee Rice","KC","WR17","0.4","2.3","0.0","5.2","59.7","0.4","0.0","11.4"
"Jaylen Warren","PIT","RB21","11.6","53.9","0.3","2.8","21.0","0.1","0.0","11.3"
"Jaylen Waddle","DEN","WR18","0.1","0.9","0.0","4.8","64.6","0.4","0.0","11.1"
"Rico Dowdle","PIT","RB22","12.9","58.1","0.4","2.1","15.7","0.1","0.1","11.1"
"Bucky Irving","TB","RB23","13.3","55.5","0.4","2.2","17.8","0.1","0.1","11.1"
"Ladd McConkey","LAC","WR19","0.1","0.3","0.0","4.6","62.0","0.4","0.0","11.0"
"Quinshon Judkins","CLE","RB24","15.7","62.5","0.4","1.9","11.9","0.0","0.1","11.0"
"Garrett Wilson","NYJ","WR20","0.1","0.6","0.0","5.1","62.4","0.4","0.0","10.9"
"Davante Adams","LAR","WR21","0.0","0.0","0.0","3.9","55.5","0.5","0.0","10.8"
"MarShawn Lloyd","GB","RB25","13.0","52.4","0.5","1.9","12.5","0.1","0.1","10.6"
"Jameson Williams","DET","WR22","0.5","2.6","0.0","3.8","61.1","0.4","0.0","10.5"
"Bhayshul Tuten","JAC","RB26","12.7","51.2","0.4","1.9","13.6","0.1","0.1","10.5"
"Luther Burden III","CHI","WR23","0.5","2.7","0.0","4.5","59.1","0.3","0.0","10.5"
"Emeka Egbuka","TB","WR24","0.2","0.8","0.0","3.8","59.3","0.4","0.0","10.4"
"Christian Watson","GB","WR25","0.1","0.6","0.0","3.6","59.0","0.4","0.0","10.4"
"Colston Loveland","CHI","TE3","0.0","0.2","0.0","4.8","56.2","0.4","0.0","10.4"
"Terry McLaurin","WAS","WR26","0.0","0.1","0.0","4.4","60.1","0.4","0.0","10.3"
"Jadarian Price","SEA","RB27","13.3","55.3","0.5","1.3","10.6","0.1","0.1","10.3"
"Tyler Warren","IND","TE4","0.3","1.0","0.0","4.9","52.9","0.4","0.0","10.1"
"DK Metcalf","PIT","WR27","0.1","0.3","0.0","3.6","55.5","0.4","0.0","9.9"
"Rome Odunze","CHI","WR28","0.0","0.1","0.0","3.5","54.3","0.4","0.0","9.8"
"DJ Moore","BUF","WR29","0.4","2.0","0.0","3.9","52.6","0.4","0.0","9.7"
"Tony Pollard","TEN","RB28","12.2","54.1","0.3","1.7","10.9","0.1","0.1","9.6"
"Mike Evans","SF","WR30","0.0","0.0","0.0","3.7","53.5","0.4","0.0","9.5"
"Carnell Tate","TEN","WR31","0.0","0.2","0.0","4.0","55.9","0.3","0.0","9.5"
"Chuba Hubbard","CAR","RB29","11.4","47.4","0.3","2.0","13.4","0.1","0.1","9.5"
"Rhamondre Stevenson","NE","RB30","10.5","43.8","0.3","2.1","15.6","0.1","0.1","9.4"
"Parker Washington","JAC","WR32","0.5","1.9","0.0","3.7","52.1","0.4","0.0","9.4"
"Jayden Reed","GB","WR33","0.7","4.9","0.0","4.0","48.5","0.3","0.0","9.3"
"Jonathon Brooks","CAR","RB31","10.5","45.3","0.3","2.1","14.9","0.1","0.1","9.3"
"Josh Downs","IND","WR34","0.1","0.6","0.0","4.6","48.8","0.3","0.0","9.1"
"Michael Pittman Jr.","PIT","WR35","0.0","0.1","0.0","4.5","49.5","0.3","0.0","9.0"
"Quentin Johnston","LAC","WR36","0.2","0.8","0.0","3.3","47.9","0.4","0.0","9.0"
"Sam LaPorta","DET","TE5","0.0","0.2","0.0","4.4","46.9","0.3","0.0","9.0"
"TreVeyon Henderson","NE","RB32","9.4","41.2","0.3","2.1","13.0","0.1","0.0","8.9"
"Courtland Sutton","DEN","WR37","0.0","0.0","0.0","3.7","50.0","0.3","0.0","8.8"
"Marvin Harrison Jr.","ARI","WR38","0.0","0.0","0.0","3.5","51.9","0.3","0.0","8.7"
"Harold Fannin Jr.","CLE","TE6","0.3","0.9","0.0","4.6","46.2","0.3","0.0","8.7"
"Kenny Gainwell","TB","RB33","6.7","30.4","0.3","2.8","19.0","0.1","0.0","8.6"
"Blake Corum","LAR","RB34","10.4","48.6","0.4","0.9","5.5","0.1","0.0","8.6"
"Jalen Coker","CAR","WR39","0.0","0.2","0.0","3.9","48.9","0.3","0.0","8.6"
"Alec Pierce","IND","WR40","0.0","0.1","0.0","3.0","51.8","0.3","0.0","8.5"
"Jordan Addison","MIN","WR41","0.2","1.6","0.0","3.4","46.3","0.3","0.0","8.5"
"Michael Wilson","ARI","WR42","0.0","0.1","0.0","3.8","49.7","0.3","0.0","8.5"
"Kyle Pitts Sr.","ATL","TE7","0.0","0.0","0.0","4.4","48.2","0.2","0.0","8.4"
"Matthew Golden","GB","WR43","0.6","2.6","0.0","3.6","46.4","0.3","0.0","8.4"
"Mark Andrews","BAL","TE8","0.4","1.7","0.0","3.7","38.9","0.4","0.0","8.4"
"Brian Thomas Jr.","JAC","WR44","0.2","1.2","0.0","3.2","47.8","0.3","0.0","8.3"
"Dallas Goedert","PHI","TE9","0.0","0.0","0.0","3.8","40.5","0.4","0.0","8.3"
"Chris Godwin Jr.","TB","WR45","0.0","0.2","0.0","3.9","45.9","0.3","0.0","8.2"
"Tucker Kraft","GB","TE10","0.1","0.2","0.0","3.7","45.1","0.3","0.0","8.2"
"Jakobi Meyers","JAC","WR46","0.3","1.5","0.0","3.7","44.5","0.3","0.0","8.2"
"Stefon Diggs","WAS","WR47","0.1","0.2","0.0","4.2","45.7","0.3","0.0","8.2"
"Jordan Mason","MIN","RB35","10.4","49.3","0.3","1.0","5.6","0.0","0.0","8.1"
"Travis Kelce","KC","TE11","0.0","0.0","0.0","4.2","43.9","0.3","0.0","8.1"
"Kyle Monangai","CHI","RB36","9.1","41.4","0.3","1.3","10.5","0.1","0.0","8.1"
"Aaron Jones Sr.","MIN","RB37","8.3","36.1","0.2","2.2","15.1","0.1","0.0","8.0"
"Wan'Dale Robinson","TEN","WR48","0.2","1.1","0.0","4.2","46.0","0.2","0.0","7.9"
"Khalil Shakir","BUF","WR49","0.1","0.5","0.0","4.1","45.4","0.2","0.0","7.9"
"RJ Harvey","DEN","RB38","6.5","25.0","0.2","2.7","19.5","0.1","0.0","7.9"
"Rachaad White","WAS","RB39","7.4","30.7","0.2","2.6","15.7","0.1","0.0","7.8"
"J.K. Dobbins","DEN","RB40","9.7","45.1","0.3","1.1","6.0","0.0","0.0","7.7"
"Jacory Croskey-Merritt","WAS","RB41","9.6","41.4","0.3","1.0","8.2","0.0","0.0","7.7"
"Romeo Doubs","NE","WR50","0.0","0.0","0.0","3.3","42.5","0.3","0.0","7.6"
"Xavier Worthy","KC","WR51","0.9","5.0","0.0","3.0","40.9","0.2","0.0","7.6"
"Isaiah Likely","NYG","TE12","0.0","0.0","0.0","3.7","40.5","0.3","0.0","7.6"
"Jake Ferguson","DAL","TE13","0.0","0.1","0.0","4.2","34.7","0.3","0.0","7.4"
"George Kittle","SF","TE14","0.0","0.0","0.0","3.6","38.8","0.3","0.0","7.4"
"Tre Tucker","LV","WR52","0.6","3.0","0.0","3.0","40.4","0.2","0.0","7.3"
"KC Concepcion","CLE","WR53","0.5","2.3","0.0","3.3","40.9","0.2","0.0","7.3"
"Juwan Johnson","NO","TE15","0.0","0.0","0.0","3.9","40.9","0.2","0.0","7.2"
"Deebo Samuel Sr.","SF","WR54","1.0","4.4","0.0","3.0","38.2","0.2","0.0","7.2"
"Hunter Henry","NE","TE16","0.0","0.0","0.0","3.4","37.1","0.3","0.0","7.1"
"Kayshon Boutte","HOU","WR55","0.0","0.0","0.0","2.8","39.8","0.3","0.0","7.0"
"Woody Marks","HOU","RB42","8.2","33.9","0.2","1.4","11.4","0.1","0.0","7.0"
"Tyjae Spears","TEN","RB43","6.0","24.8","0.2","2.5","16.3","0.1","0.0","7.0"
"Dalton Kincaid","BUF","TE17","0.0","0.0","0.0","3.4","38.7","0.2","0.0","7.0"
"Rashid Shaheed","SEA","WR56","0.7","4.1","0.0","2.7","37.8","0.2","0.0","6.9"
"Dalton Schultz","HOU","TE18","0.0","0.0","0.0","3.7","36.2","0.2","0.0","6.8"
"Devaughn Vele","NO","WR57","0.0","0.1","0.0","3.2","37.3","0.2","0.0","6.6"
"Jalen Nailor","LV","WR58","0.2","0.8","0.0","2.6","37.8","0.2","0.0","6.6"
"Tyler Allgeier","ARI","RB44","8.5","34.7","0.2","1.2","8.5","0.0","0.0","6.5"
"T.J. Hockenson","MIN","TE19","0.0","0.0","0.0","3.9","34.4","0.2","0.0","6.5"
"De'Zhaun Stribling","SF","WR59","0.1","0.4","0.0","2.6","36.5","0.2","0.0","6.3"
"Brenton Strange","JAC","TE20","0.0","0.0","0.0","3.2","34.2","0.2","0.0","6.3"
"Chris Rodriguez Jr.","JAC","RB45","8.3","37.3","0.3","0.5","3.7","0.0","0.0","6.3"
"Keenan Allen","IND","WR60","0.0","0.0","0.0","3.2","35.1","0.2","0.0","6.2"
"AJ Barner","SEA","TE21","0.5","1.9","0.0","3.1","29.1","0.2","0.0","6.1"
"Jalen McMillan","TB","WR61","0.2","0.9","0.0","2.5","32.9","0.2","0.0","6.1"
"Chig Okonkwo","WAS","TE22","0.0","0.0","0.0","3.4","33.7","0.2","0.0","6.1"
"Dontayvion Wicks","PHI","WR62","0.0","0.1","0.0","2.5","33.9","0.2","0.0","6.1"
"Makai Lemon","PHI","WR63","0.0","0.2","0.0","2.5","34.4","0.2","0.0","6.0"
"Pat Freiermuth","PIT","TE23","0.0","0.0","0.0","3.1","32.1","0.2","0.0","6.0"
"Denzel Boston","CLE","WR64","0.0","0.3","0.0","2.8","35.1","0.2","0.0","6.0"
"Malik Washington","MIA","WR65","0.9","4.9","0.0","3.0","28.4","0.2","0.0","6.0"
"Keaton Mitchell","LAC","RB46","5.6","29.1","0.2","1.2","9.3","0.1","0.0","5.9"
"Adonai Mitchell","NYJ","WR66","0.1","0.4","0.0","2.2","35.0","0.2","0.0","5.9"
"Jauan Jennings","MIN","WR67","0.0","0.0","0.0","2.7","31.9","0.2","0.0","5.9"
"Calvin Ridley","TEN","WR68","0.2","0.8","0.0","2.1","34.1","0.2","0.0","5.8"
"Rashod Bateman","BAL","WR69","0.0","0.1","0.0","2.2","33.4","0.2","0.0","5.8"
"Darren Waller","CAR","TE24","0.0","0.0","0.0","2.6","29.4","0.3","0.0","5.8"
"Greg Dulcich","MIA","TE25","0.0","0.0","0.0","2.9","33.2","0.2","0.0","5.7"
"Jerry Jeudy","CLE","WR70","0.1","0.2","0.0","2.6","35.1","0.1","0.0","5.6"
"Cooper Kupp","SEA","WR71","0.0","0.2","0.0","2.4","30.5","0.2","0.0","5.5"
"Gunnar Helm","TEN","TE26","0.0","0.0","0.0","3.0","27.1","0.2","0.0","5.5"
"Cade Otton","TB","TE27","0.0","0.0","0.0","2.9","29.0","0.2","0.0","5.4"
"Ryan Flournoy","DAL","WR72","0.2","0.9","0.0","2.3","28.6","0.2","0.0","5.2"
"Chris Brooks","GB","RB47","4.7","20.6","0.2","1.5","10.1","0.1","0.0","5.2"
"Malachi Fields","NYG","WR73","0.0","0.1","0.0","2.3","28.4","0.2","0.0","5.1"
"Caleb Douglas","MIA","WR74","0.0","0.0","0.0","2.3","29.9","0.2","0.0","5.1"
"Dylan Sampson","CLE","RB48","4.5","16.7","0.1","1.9","13.7","0.1","0.0","5.0"
"Tre' Harris","LAC","WR75","0.1","0.3","0.0","2.2","27.8","0.2","0.0","5.0"
"Mike Washington Jr.","LV","RB49","5.8","25.1","0.2","1.0","7.7","0.0","0.0","5.0"
"Pat Bryant","DEN","WR76","0.0","0.2","0.0","2.3","27.8","0.2","0.0","4.9"
"Jaylin Noel","HOU","WR77","0.1","0.8","0.0","2.2","25.5","0.2","0.0","4.8"
"Terrance Ferguson","LAR","TE28","0.0","0.0","0.0","2.0","24.7","0.2","0.0","4.8"
"Justice Hill","BAL","RB50","2.6","12.2","0.1","1.8","14.6","0.1","0.0","4.7"
"Mike Gesicki","CIN","TE29","0.0","0.0","0.0","2.4","23.4","0.2","0.0","4.7"
"Brian Robinson Jr.","ATL","RB51","6.7","27.2","0.2","0.6","4.2","0.0","0.0","4.6"
"Germie Bernard","PIT","WR78","0.1","0.5","0.0","2.0","25.6","0.2","0.0","4.6"
"Ja'Kobi Lane","BAL","WR79","0.0","0.0","0.0","1.7","24.6","0.2","0.0","4.4"
"George Holani","SEA","RB52","4.5","17.7","0.2","1.1","7.9","0.0","0.0","4.3"
"David Njoku","LAC","TE30","0.0","0.0","0.0","1.9","20.0","0.2","0.0","4.2"
"Jahan Dotson","ATL","WR80","0.0","0.0","0.0","1.8","23.3","0.2","0.0","4.2"
"Mason Taylor","NYJ","TE31","0.0","0.0","0.0","2.4","21.9","0.1","0.0","4.1"
"Andrei Iosivas","CIN","WR81","0.1","0.7","0.0","1.6","20.9","0.2","0.0","4.1"
"Samaje Perine","CIN","RB53","4.0","17.2","0.2","1.0","7.2","0.0","0.0","4.0"
"Colby Parkinson","LAR","TE32","0.0","0.0","0.0","1.9","18.7","0.2","0.0","4.0"
"Tank Bigsby","PHI","RB54","4.9","23.0","0.2","0.3","2.7","0.0","0.0","3.9"
"Tyquan Thornton","KC","WR82","0.0","0.0","0.0","1.3","21.8","0.2","0.0","3.9"
"Malik Davis","DAL","RB55","4.5","20.4","0.2","0.6","4.2","0.0","0.0","3.9"
"Omar Cooper Jr.","NYJ","WR83","0.1","0.6","0.0","1.6","22.0","0.1","0.0","3.8"
"Kenyon Sadiq","NYJ","TE33","0.0","0.2","0.0","2.1","21.0","0.1","0.0","3.8"
"DeMario Douglas","NE","WR84","0.3","1.5","0.0","1.8","21.6","0.1","0.0","3.8"
"Braelon Allen","NYJ","RB56","4.6","18.7","0.2","0.7","5.1","0.0","0.0","3.8"
"Darnell Mooney","NYG","WR85","0.1","0.4","0.0","1.5","23.0","0.1","0.0","3.8"
"Evan Engram","DEN","TE34","0.0","0.1","0.0","2.3","20.6","0.1","0.0","3.7"
"Xavier Hutchinson","HOU","WR86","0.1","0.5","0.0","1.6","20.9","0.1","0.0","3.7"
"Oronde Gadsden II","LAC","TE35","0.0","0.0","0.0","1.7","21.0","0.1","0.0","3.7"
"Chris Bell","MIA","WR87","0.0","0.0","0.0","1.7","22.0","0.1","0.0","3.7"
"Darius Slayton","NYG","WR88","0.0","0.3","0.0","1.5","22.2","0.1","0.0","3.6"
"Travis Hunter","JAC","WR89","0.1","0.6","0.0","1.6","19.6","0.1","0.0","3.6"
"Ty Johnson","BUF","RB57","2.4","10.3","0.1","1.1","9.4","0.1","0.0","3.6"
"Isaac TeSlaa","DET","WR90","0.0","0.1","0.0","1.4","18.5","0.2","0.0","3.6"
"Jacob Saylors","DET","RB58","4.2","18.5","0.2","0.5","3.7","0.0","0.0","3.5"
"Tyrone Tracy Jr.","NYG","RB59","4.5","19.3","0.1","0.7","5.4","0.0","0.0","3.5"
"Darnell Washington","PIT","TE36","0.0","0.0","0.0","1.8","19.1","0.1","0.0","3.5"
"Jack Bech","LV","WR91","0.0","0.1","0.0","1.7","20.2","0.1","0.0","3.5"
"Michael Mayer","LV","TE37","0.0","0.0","0.0","2.0","19.4","0.1","0.0","3.5"
"Xavier Legette","CAR","WR92","0.1","0.3","0.0","1.6","18.9","0.1","0.0","3.5"
"Jonah Coleman","DEN","RB60","3.7","15.4","0.1","1.0","7.0","0.0","0.0","3.5"
"Dawson Knox","BUF","TE38","0.0","0.0","0.0","1.6","17.9","0.1","0.0","3.4"
"Isaiah Davis","NYJ","RB61","2.9","13.2","0.1","1.0","7.5","0.0","0.0","3.4"
"Keon Coleman","BUF","WR93","0.0","0.1","0.0","1.4","18.8","0.1","0.0","3.4"
"Jalen Tolbert","MIA","WR94","0.0","0.0","0.0","1.5","19.2","0.1","0.0","3.3"
"Emmett Johnson","KC","RB62","3.9","15.7","0.1","0.7","5.6","0.0","0.0","3.2"
"Marvin Mims Jr.","DEN","WR95","0.4","2.3","0.0","1.4","16.1","0.1","0.0","3.2"
"Kendrick Bourne","ARI","WR96","0.0","0.0","0.0","1.6","19.0","0.1","0.0","3.2"
"Charlie Kolar","LAC","TE39","0.1","0.3","0.0","1.5","16.2","0.1","0.0","3.2"
"KaVontae Turpin","DAL","WR97","1.0","6.5","0.0","1.0","13.1","0.1","0.0","3.1"
"Kevin Coleman Jr.","MIA","WR98","0.0","0.0","0.0","1.5","17.9","0.1","0.0","3.0"
"Cole Kmet","CHI","TE40","0.0","0.0","0.0","1.6","16.0","0.1","0.0","3.0"
"Najee Harris","NYG","RB63","4.0","16.3","0.1","0.6","4.2","0.0","0.0","3.0"
"Theo Johnson","NYG","TE41","0.0","0.0","0.0","1.5","16.7","0.1","0.0","3.0"
"Elijah Arroyo","SEA","TE42","0.0","0.0","0.0","1.4","16.5","0.1","0.0","3.0"
"Sean Tucker","TB","RB64","3.4","15.0","0.2","0.2","1.4","0.0","0.0","2.9"
"Kendre Miller","NO","RB65","3.4","13.7","0.1","0.8","5.3","0.0","0.0","2.9"
"Zachariah Branch","ATL","WR99","0.1","0.5","0.0","1.5","16.7","0.1","0.0","2.9"
"Noah Gray","KC","TE43","0.0","0.0","0.0","1.6","15.7","0.1","0.0","2.9"
"Ted Hurst III","TB","WR100","0.0","0.2","0.0","1.2","16.2","0.1","0.0","2.9"
"Tory Horton","SEA","WR101","0.0","0.1","0.0","1.2","16.0","0.1","0.0","2.9"
"Antonio Williams","WAS","WR102","0.1","0.7","0.0","1.3","15.6","0.1","0.0","2.9"
"Ray Davis","BUF","RB66","3.4","14.4","0.1","0.7","5.0","0.0","0.0","2.9"
"Erick All Jr.","CIN","TE44","0.0","0.0","0.0","1.5","14.4","0.1","0.0","2.8"
"Daniel Bellinger","TEN","TE45","0.0","0.0","0.0","1.4","15.0","0.1","0.0","2.7"
"Kalif Raymond","CHI","WR103","0.2","1.1","0.0","1.3","13.9","0.1","0.0","2.7"
"Olamide Zaccheaus","ATL","WR104","0.1","0.5","0.0","1.3","13.8","0.1","0.0","2.6"
"Jaylen Wright","MIA","RB67","3.2","13.2","0.1","0.6","4.4","0.0","0.0","2.6"
"Will Kacmarek","MIA","TE46","0.0","0.0","0.0","1.4","13.6","0.1","0.0","2.6"
"Troy Franklin","DEN","WR105","0.1","0.5","0.0","1.1","12.8","0.1","0.0","2.4"
"Kaelon Black","SF","RB68","3.2","13.0","0.1","0.4","3.4","0.0","0.0","2.4"
"Hollywood Brown","PHI","WR106","0.0","0.0","0.0","1.0","13.2","0.1","0.0","2.4"
"John Metchie III","CAR","WR107","0.1","0.3","0.0","1.1","11.8","0.1","0.0","2.4"
"Bryce Lance","NO","WR108","0.0","0.0","0.0","1.1","13.6","0.1","0.0","2.4"
"Noah Fant","NO","TE47","0.0","0.0","0.0","1.3","11.5","0.1","0.0","2.3"
"Elijah Higgins","ARI","TE48","0.0","0.0","0.0","1.3","11.9","0.1","0.0","2.3"
"Chimere Dike","TEN","WR109","0.5","2.0","0.0","0.9","10.1","0.1","0.0","2.2"
"Mack Hollins","NE","WR110","0.0","0.1","0.0","1.0","12.0","0.1","0.0","2.2"
"Cyrus Allen","KC","WR111","0.0","0.0","0.0","1.0","12.4","0.1","0.0","2.2"
"Ollie Gordon II","MIA","RB69","2.6","9.7","0.1","0.5","3.0","0.0","0.0","2.1"
"Joshua Palmer","BUF","WR112","0.0","0.0","0.0","0.9","12.5","0.1","0.0","2.1"
"Alvin Kamara","NO","RB70","2.5","9.7","0.1","0.6","3.9","0.0","0.0","2.1"
"Devontez Walker","BAL","WR113","0.0","0.1","0.0","0.8","11.6","0.1","0.0","2.1"
"Elic Ayomanor","TEN","WR114","0.0","0.0","0.0","0.8","11.8","0.1","0.0","2.1"
"Austin Hooper","ATL","TE49","0.0","0.0","0.0","1.1","10.9","0.1","0.0","2.1"
"Josh Oliver","MIN","TE50","0.0","0.0","0.0","1.0","10.2","0.1","0.0","2.0"
"Kimani Vidal","LAC","RB71","2.3","9.6","0.1","0.4","3.3","0.0","0.0","2.0"
"Colbie Young","CIN","WR115","0.0","0.0","0.0","0.9","10.6","0.1","0.0","2.0"
"Eli Raridon","NE","TE51","0.0","0.0","0.0","1.1","10.2","0.1","0.0","2.0"
"Nicholas Singleton","TEN","RB72","2.1","8.9","0.1","0.5","3.8","0.0","0.0","2.0"
"Tommy Tremble","CAR","TE52","0.0","0.0","0.0","1.0","9.6","0.1","0.0","2.0"
"Isaiah Bond","CLE","WR116","0.2","0.9","0.0","0.7","10.3","0.1","0.0","2.0"
"Tyler Higbee","LAR","TE53","0.0","0.0","0.0","0.9","9.8","0.1","0.0","1.9"
"Roman Wilson","PIT","WR117","0.0","0.0","0.0","0.8","10.8","0.1","0.0","1.9"
"Treylon Burks","WAS","WR118","0.1","0.3","0.0","0.8","10.5","0.1","0.0","1.9"
"Emanuel Wilson","SEA","RB73","2.4","10.1","0.1","0.3","1.9","0.0","0.0","1.9"
"Eli Stowers","PHI","TE54","0.1","0.4","0.0","0.9","9.6","0.1","0.0","1.9"
"Drew Sample","CIN","TE55","0.0","0.1","0.0","1.0","8.8","0.1","0.0","1.9"
"Adam Trautman","DEN","TE56","0.0","0.0","0.0","0.9","9.1","0.1","0.0","1.9"
"Seth McGowan","IND","RB74","1.9","7.8","0.1","0.5","3.5","0.0","0.0","1.8"
"Jake Tonges","SF","TE57","0.0","0.0","0.0","0.9","9.3","0.1","0.0","1.8"
"Demarcus Robinson","SF","WR119","0.0","0.0","0.0","0.7","9.9","0.1","0.0","1.8"
"Tez Johnson","TB","WR120","0.2","0.8","0.0","0.7","8.8","0.1","0.0","1.8"
"Isaiah Williams","NYJ","WR121","0.2","0.8","0.0","1.0","10.1","0.0","0.0","1.8"
"Zavion Thomas","CHI","WR122","0.1","0.4","0.0","0.8","9.0","0.1","0.0","1.8"
"Ashton Dulin","IND","WR123","0.1","0.8","0.0","0.7","9.3","0.1","0.0","1.7"
"Jonnu Smith","GB","TE58","0.0","0.1","0.0","1.0","9.2","0.1","0.0","1.7"
"Kyle Juszczyk","SF","RB75","0.2","0.6","0.0","0.9","7.8","0.1","0.0","1.7"
"Jordan James","SF","RB76","2.2","9.0","0.1","0.3","2.2","0.0","0.0","1.7"
"Ja'Tavion Sanders","CAR","TE59","0.0","0.0","0.0","0.9","7.9","0.1","0.0","1.7"
"John Bates","WAS","TE60","0.0","0.0","0.0","0.8","8.0","0.1","0.0","1.7"
"Tahj Brooks","CIN","RB77","2.0","7.4","0.1","0.3","2.2","0.0","0.0","1.6"
"Brock Wright","DET","TE61","0.0","0.0","0.0","0.9","7.7","0.1","0.0","1.6"
"Brenen Thompson","LAC","WR124","0.0","0.3","0.0","0.7","8.6","0.1","0.0","1.6"
"Oscar Delp","NO","TE62","0.0","0.0","0.0","0.8","8.2","0.1","0.0","1.6"
"Jimmy Horn Jr.","CAR","WR125","0.4","2.4","0.0","0.6","6.5","0.1","0.0","1.6"
"Jackson Hawes","BUF","TE63","0.0","0.0","0.0","0.8","7.9","0.1","0.0","1.6"
"Marlin Klein","HOU","TE64","0.0","0.0","0.0","0.8","7.6","0.1","0.0","1.6"
"Brashard Smith","KC","RB78","1.5","5.9","0.0","0.6","4.1","0.0","0.0","1.5"
"Barion Brown","NO","WR126","0.0","0.0","0.0","0.8","9.4","0.0","0.0","1.5"
"Malik Benson","LV","WR127","0.0","0.0","0.0","0.7","9.2","0.0","0.0","1.5"
"Bo Melton","GB","WR128","0.1","0.6","0.0","0.6","7.9","0.0","0.0","1.4"
"Demond Claiborne","MIN","RB79","1.1","4.8","0.0","0.6","4.3","0.0","0.0","1.4"
"Dyami Brown","WAS","WR129","0.1","0.5","0.0","0.6","8.0","0.0","0.0","1.4"
"LeQuint Allen Jr.","JAC","RB80","0.6","2.7","0.0","0.7","4.2","0.1","0.0","1.4"
"Elijah Sarratt","BAL","WR130","0.0","0.0","0.0","0.6","7.4","0.1","0.0","1.4"
"Cade Stover","HOU","TE65","0.2","0.5","0.0","0.8","6.9","0.0","0.0","1.4"
"Jaylin Lane","WAS","WR131","0.1","0.5","0.0","0.6","7.7","0.0","0.0","1.3"
"Kaytron Allen","WAS","RB81","1.7","6.8","0.1","0.2","2.0","0.0","0.0","1.3"
"Mo Alie-Cox","IND","TE66","0.0","0.0","0.0","0.6","6.4","0.1","0.0","1.3"
"Emari Demercado","DAL","RB82","1.6","7.5","0.0","0.2","1.6","0.0","0.0","1.3"
"Hunter Luepke","DAL","RB83","0.9","3.8","0.0","0.6","4.2","0.0","0.0","1.3"
"Ben Sinnott","WAS","TE67","0.0","0.1","0.0","0.6","6.0","0.1","0.0","1.3"
"Lil'Jordan Humphrey","DEN","WR132","0.0","0.0","0.0","0.6","7.4","0.0","0.0","1.3"
"Jahdae Walker","CHI","WR133","0.0","0.0","0.0","0.5","6.4","0.1","0.0","1.3"
"Matt Hibner","BAL","TE68","0.0","0.0","0.0","0.7","7.1","0.0","0.0","1.2"
"Kaleb Johnson","GB","RB84","1.5","5.9","0.1","0.2","1.6","0.0","0.0","1.2"
"Skyler Bell","BUF","WR134","0.0","0.1","0.0","0.6","7.4","0.0","0.0","1.2"
"Luke Schoonmaker","DAL","TE69","0.0","0.0","0.0","0.7","6.6","0.0","0.0","1.2"
"Laquon Treadwell","IND","WR135","0.0","0.0","0.0","0.6","6.7","0.0","0.0","1.1"
"Kyle Williams","NE","WR136","0.1","0.6","0.0","0.5","6.9","0.0","0.0","1.1"
"Will Shipley","PHI","RB85","0.8","3.0","0.0","0.5","3.8","0.0","0.0","1.1"
"DJ Giddens","IND","RB86","1.2","4.7","0.0","0.4","2.9","0.0","0.0","1.1"
"Sione Vaki","DET","RB87","1.3","5.2","0.1","0.2","1.5","0.0","0.0","1.1"
"Josh Whyle","GB","TE70","0.0","0.0","0.0","0.6","5.7","0.0","0.0","1.1"
"Thomas Fidone II","NYG","TE71","0.0","0.0","0.0","0.8","6.6","0.0","0.0","1.1"
"Audric Estime","NO","RB88","1.3","5.3","0.0","0.3","2.0","0.0","0.0","1.0"
"Tai Felton","MIN","WR137","0.0","0.1","0.0","0.6","5.7","0.0","0.0","1.0"
"Joe Royer","CLE","TE72","0.0","0.0","0.0","0.5","5.1","0.0","0.0","1.0"
"Sam Roush","CHI","TE73","0.0","0.0","0.0","0.6","5.5","0.0","0.0","1.0"
"Jalen Royals","KC","WR138","0.0","0.1","0.0","0.5","5.6","0.0","0.0","1.0"
"Max Klare","LAR","TE74","0.0","0.0","0.0","0.5","5.5","0.0","0.0","1.0"
"Ben Skowronek","PIT","WR139","0.0","0.0","0.0","0.4","4.5","0.1","0.0","1.0"
"Nate Boerkircher","JAC","TE75","0.0","0.0","0.0","0.6","5.4","0.0","0.0","1.0"
"Deion Burks","IND","WR140","0.0","0.0","0.0","0.5","5.6","0.0","0.0","0.9"
"Durham Smythe","BAL","TE76","0.0","0.0","0.0","0.5","5.2","0.0","0.0","0.9"
"CJ Daniels","LAR","WR141","0.0","0.1","0.0","0.4","5.2","0.0","0.0","0.9"
"Konata Mumpfield","LAR","WR142","0.0","0.0","0.0","0.4","4.8","0.0","0.0","0.9"
"Odell Beckham Jr.","NYG","WR143","0.0","0.0","0.0","0.4","5.2","0.0","0.0","0.9"
"Jordan Whittington","LAR","WR144","0.1","0.5","0.0","0.4","4.4","0.0","0.0","0.8"
"Jeremy Ruckert","NYJ","TE77","0.0","0.0","0.0","0.5","4.4","0.0","0.0","0.8"
"Brevyn Spann-Ford","DAL","TE78","0.0","0.0","0.0","0.5","4.5","0.0","0.0","0.8"
"Camden Brown","DAL","WR145","0.0","0.0","0.0","0.5","5.4","0.0","0.0","0.8"
"KeAndre Lambert-Smith","LAC","WR146","0.0","0.1","0.0","0.4","4.4","0.0","0.0","0.8"
"Foster Moreau","HOU","TE79","0.0","0.0","0.0","0.4","4.2","0.0","0.0","0.8"
"Davis Allen","LAR","TE80","0.0","0.0","0.0","0.4","3.9","0.0","0.0","0.7"
"Tay Martin","DET","WR147","0.3","1.5","0.0","0.2","2.4","0.0","0.0","0.7"
"Luke McCaffrey","WAS","WR148","0.0","0.0","0.0","0.4","4.6","0.0","0.0","0.7"
"Tutu Atwell","LAR","WR149","0.0","0.2","0.0","0.3","4.3","0.0","0.0","0.7"
"Tanner Koziol","JAC","TE81","0.0","0.0","0.0","0.4","3.9","0.0","0.0","0.7"
"Jack Endries","CIN","TE82","0.0","0.0","0.0","0.4","4.0","0.0","0.0","0.7"
"Devin Singletary","NYG","RB89","0.9","3.8","0.0","0.1","1.2","0.0","0.0","0.7"
"Alec Ingold","LAC","RB90","0.5","1.7","0.0","0.3","2.1","0.0","0.0","0.6"
"Xavier Smith","LAR","WR150","0.0","0.2","0.0","0.3","3.8","0.0","0.0","0.6"
"Rasheen Ali","BAL","RB91","0.8","3.1","0.0","0.2","1.4","0.0","0.0","0.6"
"Jonathan Mingo","DAL","WR151","0.0","0.0","0.0","0.3","4.3","0.0","0.0","0.6"
"Seydou Traore","MIA","TE83","0.0","0.0","0.0","0.4","3.5","0.0","0.0","0.6"
"Nate Adkins","DEN","TE84","0.0","0.0","0.0","0.4","3.1","0.0","0.0","0.6"
"Ameer Abdullah","JAC","RB92","0.3","1.1","0.0","0.3","2.1","0.0","0.0","0.6"
"Connor Heyward","LV","TE85","0.3","1.4","0.0","0.2","2.0","0.0","0.0","0.6"
"Mitchell Evans","CAR","TE86","0.0","0.0","0.0","0.3","3.3","0.0","0.0","0.6"
"Tim Patrick","NYJ","WR152","0.0","0.0","0.0","0.3","3.7","0.0","0.0","0.6"
"Payne Durham","TB","TE87","0.0","0.0","0.0","0.3","3.0","0.0","0.0","0.6"
"Josh Cuevas","BAL","TE88","0.0","0.0","0.0","0.3","2.9","0.0","0.0","0.5"
"Johnny Mundt","PHI","TE89","0.0","0.0","0.0","0.3","3.0","0.0","0.0","0.5"
"Adam Prentice","DEN","RB93","0.2","1.0","0.0","0.3","1.7","0.0","0.0","0.5"
"Charlie Woerner","ATL","TE90","0.0","0.0","0.0","0.3","2.8","0.0","0.0","0.5"
"Michael Burton","CLE","RB94","0.2","1.0","0.0","0.3","1.6","0.0","0.0","0.5"
"Blake Whiteheart","CLE","TE91","0.0","0.0","0.0","0.3","2.7","0.0","0.0","0.5"
"Eli Heidenreich","PIT","RB95","0.6","2.4","0.0","0.2","1.6","0.0","0.0","0.5"
"Luke Farrell","SF","TE92","0.0","0.0","0.0","0.3","2.7","0.0","0.0","0.5"
"Dohnte Meyers","CIN","WR153","0.0","0.0","0.0","0.2","2.5","0.0","0.0","0.5"
"Corey Kiner","NE","RB96","0.3","1.3","0.1","0.1","0.2","0.0","0.0","0.5"
"Tyler Badie","DEN","RB97","0.2","0.9","0.0","0.3","1.9","0.0","0.0","0.5"
"Raheim Sanders","CLE","RB98","0.7","2.8","0.0","0.1","0.9","0.0","0.0","0.5"
"Josh Cameron","JAC","WR154","0.1","0.4","0.0","0.2","2.4","0.0","0.0","0.5"
"Roschon Johnson","CHI","RB99","0.7","2.9","0.0","0.1","0.5","0.0","0.0","0.5"
"Jerome Ford","WAS","RB100","0.8","3.0","0.0","0.2","0.7","0.0","0.0","0.4"
"Hunter Long","ARI","TE93","0.0","0.0","0.0","0.3","2.5","0.0","0.0","0.4"
"Tyler Conklin","DET","TE94","0.0","0.0","0.0","0.2","2.1","0.0","0.0","0.4"
"Drew Ogletree","IND","TE95","0.0","0.0","0.0","0.2","2.5","0.0","0.0","0.4"
"Malachi Corley","CLE","WR155","0.2","1.6","0.0","0.1","1.6","0.0","0.0","0.4"
"Carsen Ryan","CLE","TE96","0.0","0.0","0.0","0.3","2.5","0.0","0.0","0.4"
"Tip Reiman","ARI","TE97","0.0","0.0","0.0","0.2","2.0","0.0","0.0","0.4"
"Eric Saubert","SEA","TE98","0.0","0.0","0.0","0.2","2.2","0.0","0.0","0.4"
"Elijah Moore","PHI","WR156","0.1","0.9","0.0","0.2","2.1","0.0","0.0","0.4"
"Reggie Virgil","ARI","WR157","0.0","0.0","0.0","0.2","2.4","0.0","0.0","0.4"
"Dylan Laube","LV","RB101","0.3","0.8","0.0","0.2","1.4","0.0","0.0","0.4"
"Brycen Tremayne","CAR","WR158","0.0","0.0","0.0","0.2","2.2","0.0","0.0","0.4"
"Ian Thomas","LV","TE99","0.0","0.0","0.0","0.2","2.2","0.0","0.0","0.4"
"Riley Nowakowski","PIT","TE100","0.0","0.0","0.0","0.3","2.0","0.0","0.0","0.4"
"Jared Wiley","KC","TE101","0.0","0.0","0.0","0.2","2.6","0.0","0.0","0.4"
"Andrew Beck","NYJ","TE102","0.0","0.0","0.0","0.3","1.7","0.0","0.0","0.4"
"Darius Cooper","PHI","WR159","0.0","0.0","0.0","0.2","1.9","0.0","0.0","0.4"
"Ryan Miller","MIA","WR160","0.0","0.0","0.0","0.2","2.5","0.0","0.0","0.4"
"Reggie Gilliam","NE","RB102","0.0","0.0","0.0","0.2","1.6","0.0","0.0","0.3"
"Tylan Wallace","CLE","WR161","0.0","0.0","0.0","0.2","2.0","0.0","0.0","0.3"
"Jelani Woods","NYJ","TE103","0.0","0.0","0.0","0.2","2.3","0.0","0.0","0.3"
"Derius Davis","LAC","WR162","0.1","0.7","0.0","0.1","1.3","0.0","0.0","0.3"
"Dareke Young","LV","WR163","0.0","0.0","0.0","0.2","2.0","0.0","0.0","0.3"
"Efton Chism III","NE","WR164","0.0","0.0","0.0","0.2","1.7","0.0","0.0","0.3"
"Jalen Brooks","ARI","WR165","0.0","0.0","0.0","0.1","1.8","0.0","0.0","0.3"
"Kameron Johnson","TB","WR166","0.1","0.4","0.0","0.1","1.2","0.0","0.0","0.3"
"Ronnie Rivers","LAR","RB103","0.3","1.3","0.0","0.1","0.4","0.0","0.0","0.2"
"Arian Smith","NYJ","WR167","0.1","0.8","0.0","0.1","0.8","0.0","0.0","0.2"
"Ben Yurosek","MIN","TE104","0.0","0.0","0.0","0.2","1.1","0.0","0.0","0.2"
"Chris Manhertz","NYG","TE105","0.0","0.0","0.0","0.1","1.2","0.0","0.0","0.2"
"Julius Chestnut","TEN","RB104","0.2","0.8","0.0","0.1","0.5","0.0","0.0","0.2"
"Max Bredeson","MIN","RB105","0.0","0.2","0.0","0.1","0.9","0.0","0.0","0.2"
"Quintin Morris","JAC","TE106","0.0","0.0","0.0","0.1","1.0","0.0","0.0","0.2"
"AJ Dillon","CAR","RB106","0.1","0.4","0.0","0.1","1.0","0.0","0.0","0.2"
"LaJohntay Wester","BAL","WR168","0.0","0.1","0.0","0.1","1.1","0.0","0.0","0.2"
"Skyy Moore","GB","WR169","0.0","0.2","0.0","0.1","1.1","0.0","0.0","0.2"
"Patrick Ricard","NYG","RB107","0.0","0.0","0.0","0.1","0.9","0.0","0.0","0.2"
"British Brooks","HOU","RB108","0.3","1.1","0.0","0.0","0.0","0.0","0.0","0.2"
"Jordan Watkins","SF","WR170","0.0","0.0","0.0","0.1","0.9","0.0","0.0","0.2"
"Ko Kieft","TB","TE107","0.0","0.0","0.0","0.1","0.8","0.0","0.0","0.2"
"Jacob Cowing","SF","WR171","0.0","0.0","0.0","0.1","1.0","0.0","0.0","0.2"
"Kylen Granson","TEN","TE108","0.0","0.0","0.0","0.1","1.1","0.0","0.0","0.2"
"Kaden Wetjen","PIT","WR172","0.1","0.4","0.0","0.0","0.7","0.0","0.0","0.1"
"Bam Knight","ARI","RB109","0.0","0.0","0.0","0.1","0.9","0.0","0.0","0.1"
"Dallen Bentley","DEN","TE109","0.0","0.0","0.0","0.1","0.7","0.0","0.0","0.1"
"Devin Duvernay","ARI","WR173","0.0","0.1","0.0","0.1","0.6","0.0","0.0","0.1"
"Jake Briningstool","KC","TE110","0.0","0.0","0.0","0.1","0.6","0.0","0.0","0.1"
"Nikko Remigio","KC","WR174","0.0","0.1","0.0","0.0","0.5","0.0","0.0","0.1"
"Kene Nwangwu","NYJ","RB110","0.1","0.5","0.0","0.0","0.0","0.0","0.0","0.1"
"Robert Tonyan","PIT","TE111","0.0","0.0","0.0","0.0","0.3","0.0","0.0","0.0"
"Feleipe Franks","CAR","QB1","0.0","0.2","0.0","0.0","0.1","0.0","0.0","0.0"
"Myles Price","MIN","WR175","0.0","0.0","0.0","0.0","0.0","0.0","0.0","0.0"
"David Moore","CAR","WR176","0.0","0.0","0.0","0.0","0.0","0.0","0.0","0.0"
"Braxton Berrios","NYG","WR177","0.0","0.0","0.0","0.0","0.0","0.0","0.0","0.0"
"Greg Dortch","BUF","WR178","0.0","0.0","0.0","0.0","0.0","0.0","0.0","0.0"
"Gunner Olszewski","NYG","WR179","0.0","0.0","0.0","0.0","0.0","0.0","0.0","0.0"
"Ihmir Smith-Marsette","ARI","WR180","0.0","0.0","0.0","0.0","0.0","0.0","0.0","0.0"
"Kevin Austin Jr.","NO","WR181","0.0","0.0","0.0","0.0","0.0","0.0","0.0","0.0"
"Austin Trammell","JAC","WR182","0.0","0.0","0.0","0.0","0.0","0.0","0.0","0.0"
"Michael Bandy","DEN","WR183","0.0","0.0","0.0","0.0","0.0","0.0","0.0","0.0"
"Deven Thompkins","LV","WR184","0.0","0.0","0.0","0.0","0.0","0.0","0.0","0.0"
"Mitch Tinsley","HOU","WR185","0.0","0.0","0.0","0.0","0.0","0.0","0.0","0.0"
"Cedric Tillman","NO","WR186","0.0","0.0","0.0","0.0","0.0","0.0","0.0","0.0"
"Trey Palmer","NO","WR187","0.0","0.0","0.0","0.0","0.0","0.0","0.0","0.0"
"Charlie Jones","NYG","WR188","0.0","0.0","0.0","0.0","0.0","0.0","0.0","0.0"
"Dylan Drummond","ATL","WR189","0.0","0.0","0.0","0.0","0.0","0.0","0.0","0.0"
"Jeshaun Jones","MIN","WR190","0.0","0.0","0.0","0.0","0.0","0.0","0.0","0.0"
"Theo Wease Jr.","LAC","WR191","0.0","0.0","0.0","0.0","0.0","0.0","0.0","0.0"
"Dont'e Thornton Jr.","LV","WR192","0.0","0.0","0.0","0.0","0.0","0.0","0.0","0.0"
"Ke'Shawn Williams","CIN","WR193","0.0","0.0","0.0","0.0","0.0","0.0","0.0","0.0"
"Chris Brazzell II","CAR","WR194","0.0","0.0","0.0","0.0","0.0","0.0","0.0","0.0"
"Lewis Bond","HOU","WR195","0.0","0.0","0.0","0.0","0.0","0.0","0.0","0.0"
"Tanner Hudson","CIN","TE112","0.0","0.0","0.0","0.0","0.0","0.0","0.0","0.0"
"Cole Turner","MIA","TE113","0.0","0.0","0.0","0.0","0.0","0.0","0.0","0.0"
"Lucas Krull","DEN","TE114","0.0","0.0","0.0","0.0","0.0","0.0","0.0","0.0"
"Ben Sims","MIA","TE115","0.0","0.0","0.0","0.0","0.0","0.0","0.0","0.0"
"Julian Hill","NE","TE116","0.0","0.0","0.0","0.0","0.0","0.0","0.0","0.0"
"CJ Dippre","TB","TE117","0.0","0.0","0.0","0.0","0.0","0.0","0.0","0.0"
"Jackson Meeks","DET","WR196","0.0","0.0","0.0","0.0","0.0","0.0","0.0","0.0"
"Josh Jacobs","GB","RB111","0.0","0.0","0.0","0.0","0.0","0.0","0.0","0.0"
"DeeJay Dallas","MIN","RB112","0.0","0.0","0.0","0.0","0.0","0.0","0.0","0.0"
"Devin Neal","NO","RB113","0.0","0.0","0.0","0.0","0.0","0.0","0.0","0.0"
"Isiah Pacheco","DET","RB114","0.0","0.0","0.0","0.0","0.0","0.0","0.0","0.0"
"Jaydon Blue","PHI","RB115","0.0","0.0","0.0","0.0","0.0","0.0","0.0","0.0"
"Trey Benson","ARI","RB116","0.0","0.0","0.0","0.0","0.0","0.0","0.0","0.0"
"Zavier Scott","CHI","RB117","0.0","0.0","0.0","0.0","0.0","0.0","0.0","0.0"
"Jawhar Jordan","HOU","RB118","0.0","0.0","0.0","0.0","0.0","0.0","0.0","0.0"
"Chris Collier","LV","RB119","0.0","0.0","0.0","0.0","0.0","0.0","0.0","0.0"
"Josh Williams","TB","RB120","0.0","0.0","0.0","0.0","0.0","0.0","0.0","0.0"
""
""