"Player","Team","REC","YDS","TDS","ATT","YDS","TDS","FL","FPTS"
" ","","",""
"Puka Nacua","LAR","117.0","1539.0","9.0","12.9","85.0","1.3","1.0","281.0"
"","high","117.0","1539.0","9.0","15.0","85.0","2.0","0.9","285.0"
"","low","117.0","1539.0","9.0","10.0","85.0","1.0","1.0","278.9"
"Ja'Marr Chase","CIN","121.2","1511.6","10.6","3.0","17.0","0.0","1.0","275.3"
"","high","128.0","1551.0","11.0","4.0","20.9","0.1","0.9","333.1"
"","low","116.0","1474.0","10.0","2.0","11.0","0.0","1.0","267.6"
"Jaxon Smith-Njigba","SEA","110.9","1567.9","9.5","5.5","30.4","0.1","1.1","270.5"
"","high","116.7","1614.0","12.0","7.0","36.0","0.2","1.0","311.0"
"","low","105.0","1521.0","8.0","4.6","25.2","0.0","1.2","265.4"
"Amon-Ra St. Brown","DET","117.4","1391.1","10.5","3.1","11.8","0.0","0.4","261.3"
"","high","119.0","1426.2","11.0","4.0","14.0","0.1","0.0","317.3"
"","low","115.0","1370.0","10.0","2.3","8.0","0.0","0.8","253.7"
"Drake London","ATL","98.4","1272.9","8.8","0.0","0.0","0.0","1.0","227.1"
"","high","102.1","1312.0","12.0","0.0","0.0","0.0","0.9","271.9"
"","low","94.0","1249.7","7.0","0.0","0.0","0.0","1.0","216.9"
"CeeDee Lamb","DAL","97.5","1295.1","7.5","2.4","12.6","0.0","0.3","224.2"
"","high","103.5","1375.2","8.6","5.0","25.0","0.1","0.0","257.9"
"","low","87.0","1177.0","6.0","0.0","0.0","0.0","0.7","209.7"
"Justin Jefferson","MIN","99.2","1309.8","7.1","1.3","5.6","0.0","0.3","223.5"
"","high","111.5","1373.5","7.4","2.0","10.7","0.1","0.0","267.9"
"","low","91.0","1268.0","7.0","0.0","0.0","0.0","0.7","209.6"
"Rashee Rice","KC","96.5","1069.5","9.6","5.4","25.6","0.9","0.6","219.2"
"","high","104.0","1081.6","13.0","8.3","42.8","2.0","0.0","244.4"
"","low","92.5","1050.0","7.0","0.0","0.0","0.0","1.1","215.0"
"Chris Olave","NO","95.8","1195.3","7.9","0.3","0.0","0.0","0.3","214.0"
"","high","99.0","1243.0","10.0","1.0","0.0","0.0","0.0","253.1"
"","low","91.4","1147.0","6.6","0.0","0.0","0.0","0.6","206.7"
"A.J. Brown","NE","87.6","1232.6","7.7","0.0","0.0","0.0","0.3","212.6"
"","high","91.0","1326.0","9.0","0.0","0.0","0.0","0.0","244.3"
"","low","85.8","1155.0","7.0","0.0","0.0","0.0","0.6","207.2"
"George Pickens","DAL","82.5","1199.8","8.4","0.3","0.0","0.0","0.4","210.7"
"","high","94.0","1386.0","10.0","1.0","0.0","0.0","0.0","232.3"
"","low","74.0","1102.0","7.0","0.0","0.0","0.0","0.9","200.2"
"Nico Collins","HOU","82.6","1204.4","7.3","1.4","8.3","0.4","0.8","206.6"
"","high","86.8","1231.0","8.0","2.1","13.0","1.0","0.7","241.4"
"","low","79.0","1186.0","6.8","0.0","0.0","0.0","1.0","202.8"
"Zay Flowers","BAL","81.2","1157.0","6.5","9.9","58.8","0.5","1.5","201.1"
"","high","83.0","1184.0","8.0","10.0","60.0","1.0","1.0","233.7"
"","low","79.0","1117.0","5.5","9.8","57.3","0.0","2.0","197.4"
"Malik Nabers","NYG","82.2","1081.8","8.4","2.8","8.3","0.1","0.4","200.2"
"","high","85.6","1133.5","11.0","4.5","23.0","0.2","0.0","231.3"
"","low","80.0","1035.0","7.0","0.0","0.0","0.0","0.8","200.5"
"Garrett Wilson","NYJ","96.4","1094.8","6.4","1.1","4.3","0.0","1.0","194.7"
"","high","100.1","1173.5","9.0","2.2","10.8","0.1","1.0","243.7"
"","low","89.0","956.0","5.0","0.0","0.0","0.0","1.1","187.2"
"Tetairoa McMillan","CAR","81.1","1145.8","6.6","0.0","0.0","0.0","0.9","193.1"
"","high","83.3","1182.3","8.0","0.0","0.0","0.0","0.8","223.6"
"","low","78.0","1081.0","5.9","0.0","0.0","0.0","1.0","193.4"
"DeVonta Smith","PHI","87.8","1134.4","6.0","0.0","0.0","0.0","0.3","192.8"
"","high","90.5","1152.0","6.0","0.0","0.0","0.0","0.0","233.6"
"","low","83.0","1122.0","6.0","0.0","0.0","0.0","0.6","185.9"
"Emeka Egbuka","TB","73.2","1097.2","7.5","1.4","7.3","0.0","0.3","191.6"
"","high","78.0","1126.7","8.0","2.2","11.9","0.1","0.0","222.2"
"","low","69.6","1046.0","7.0","0.0","0.0","0.0","0.6","187.6"
"Davante Adams","LAR","68.9","924.8","10.2","0.0","0.0","0.0","0.2","187.8"
"","high","70.0","1013.5","10.6","0.0","0.0","0.0","0.0","220.5"
"","low","67.6","850.0","10.0","0.0","0.0","0.0","0.4","172.4"
"Tee Higgins","CIN","70.7","965.5","9.1","0.0","0.0","0.0","0.2","186.3"
"","high","74.0","1034.0","11.0","0.0","0.0","0.0","0.0","206.5"
"","low","65.0","906.0","8.0","0.0","0.0","0.0","0.4","181.4"
"Jameson Williams","DET","64.4","1065.5","6.6","7.3","42.0","0.5","0.2","185.1"
"","high","66.0","1088.0","7.0","8.0","45.1","1.0","0.0","220.2"
"","low","63.0","1026.4","5.7","7.0","39.0","0.0","0.4","176.5"
"Ladd McConkey","LAC","79.2","1009.7","6.8","0.0","0.0","0.0","0.3","180.6"
"","high","82.0","1039.2","8.0","0.0","0.0","0.0","0.0","209.2"
"","low","76.0","956.0","6.0","0.0","0.0","0.0","0.6","181.0"
"Terry McLaurin","WAS","68.7","971.4","7.4","0.3","0.3","0.0","0.3","175.0"
"","high","77.0","1052.3","10.0","1.0","1.0","0.0","0.0","196.5"
"","low","64.0","925.0","6.0","0.0","0.0","0.0","0.6","175.7"
"Rome Odunze","CHI","62.6","964.9","7.8","0.3","1.3","0.0","0.3","174.1"
"","high","65.0","1033.8","8.4","1.0","4.0","0.0","0.0","200.3"
"","low","59.9","916.0","7.0","0.0","0.0","0.0","0.6","162.3"
"DJ Moore","BUF","69.4","904.9","7.0","10.3","54.0","0.5","0.8","173.8"
"","high","71.0","955.0","8.0","16.0","81.0","1.0","0.6","206.2"
"","low","67.2","814.0","6.0","6.9","36.0","0.0","1.0","161.7"
"Jaylen Waddle","DEN","74.2","991.3","6.0","1.7","12.4","0.0","0.3","173.0"
"","high","76.5","994.0","6.0","3.0","25.0","0.1","0.0","207.8"
"","low","72.0","987.0","6.0","0.0","0.0","0.0","0.7","164.1"
"Luther Burden III","CHI","72.9","974.5","5.7","7.7","37.9","0.1","0.3","171.9"
"","high","75.8","1056.0","6.0","9.0","48.8","0.4","0.0","203.4"
"","low","70.0","926.0","5.1","6.0","32.0","0.0","0.7","167.5"
"Mike Evans","SF","67.1","941.4","6.9","0.0","0.0","0.0","0.2","168.8"
"","high","76.0","986.0","8.0","0.0","0.0","0.0","0.0","205.5"
"","low","56.2","883.3","5.8","0.0","0.0","0.0","0.4","156.2"
"Christian Watson","GB","57.6","918.8","7.4","1.7","8.7","0.0","0.3","165.5"
"","high","65.0","982.0","8.0","3.0","13.1","0.1","0.0","201.5"
"","low","53.0","872.3","7.0","0.0","0.0","0.0","0.5","159.8"
"Marvin Harrison Jr.","ARI","67.2","959.9","6.0","0.0","0.0","0.0","0.3","165.1"
"","high","69.0","993.0","7.0","0.0","0.0","0.0","0.0","194.9"
"","low","64.0","933.0","5.0","0.0","0.0","0.0","0.6","158.5"
"Courtland Sutton","DEN","67.4","884.1","7.2","0.0","0.0","0.0","0.2","164.8"
"","high","70.0","910.0","7.6","0.0","0.0","0.0","0.0","192.0"
"","low","63.0","848.0","7.0","0.0","0.0","0.0","0.5","158.7"
"Alec Pierce","IND","56.4","977.1","6.4","0.0","0.0","0.0","0.3","164.0"
"","high","60.3","1068.0","9.0","0.0","0.0","0.0","0.0","180.2"
"","low","49.0","917.0","5.0","0.0","0.0","0.0","0.5","154.5"
"DK Metcalf","PIT","64.3","926.7","6.1","0.7","3.3","0.3","0.2","163.0"
"","high","67.0","944.1","6.2","2.0","10.0","1.0","0.0","196.0"
"","low","61.0","892.0","6.0","0.0","0.0","0.0","0.5","155.1"
"Parker Washington","JAC","62.6","862.8","5.7","5.0","13.7","0.1","0.4","153.1"
"","high","63.7","925.0","7.0","8.0","39.0","0.3","0.0","173.7"
"","low","62.0","814.0","5.0","0.0","0.0","0.0","0.8","154.8"
"Brian Thomas Jr.","JAC","58.0","871.2","5.4","2.7","17.7","0.4","0.2","152.1"
"","high","61.0","942.0","6.0","4.0","30.0","1.0","0.0","168.2"
"","low","56.0","812.0","5.0","0.0","0.0","0.0","0.3","148.6"
"Michael Pittman Jr.","PIT","80.5","805.9","5.0","0.0","0.0","0.0","0.3","150.0"
"","high","88.4","877.0","6.0","0.0","0.0","0.0","0.0","195.9"
"","low","76.0","678.0","3.9","0.0","0.0","0.0","0.7","134.2"
"Carnell Tate","TEN","65.2","887.4","4.5","0.7","3.0","0.0","1.4","145.8"
"","high","74.5","1023.2","5.0","2.0","9.0","0.0","0.8","181.8"
"","low","56.0","772.0","4.0","0.0","0.0","0.0","2.0","121.6"
"Jayden Reed","GB","62.8","749.2","4.8","12.7","93.7","0.2","0.4","144.6"
"","high","66.0","815.0","5.0","18.0","148.0","0.5","0.0","182.7"
"","low","59.0","700.0","4.4","9.0","65.0","0.0","0.8","130.4"
"Jakobi Meyers","JAC","68.3","787.3","5.1","4.3","22.7","0.1","0.8","144.6"
"","high","69.8","814.0","5.2","6.0","32.0","0.3","0.6","177.7"
"","low","67.0","765.8","5.0","3.0","17.0","0.0","1.0","135.1"
"Michael Wilson","ARI","67.5","839.0","4.5","0.0","0.7","0.0","0.2","144.1"
"","high","70.5","860.0","6.0","0.0","2.0","0.0","0.0","173.0"
"","low","66.0","822.0","3.4","0.0","0.0","0.0","0.4","139.6"
"Quentin Johnston","LAC","53.6","756.9","6.9","1.7","5.9","0.0","0.7","143.1"
"","high","58.0","786.0","9.0","3.0","10.8","0.1","0.5","158.5"
"","low","50.0","707.0","5.6","0.0","0.0","0.0","1.0","139.4"
"Chris Godwin Jr.","TB","67.8","773.4","5.2","0.3","0.3","0.0","0.3","141.8"
"","high","75.0","841.0","6.0","1.0","1.0","0.0","0.0","175.8"
"","low","60.3","700.2","4.5","0.0","0.0","0.0","0.6","130.9"
"Jordan Addison","MIN","55.3","757.7","5.4","2.7","37.2","0.4","0.2","141.4"
"","high","60.9","769.0","6.0","3.0","78.0","1.0","0.0","164.0"
"","low","50.0","735.0","5.0","2.0","14.5","0.0","0.5","137.8"
"Xavier Worthy","KC","55.2","722.1","4.2","15.5","99.4","0.9","0.2","139.8"
"","high","57.0","788.4","4.6","22.0","146.0","1.0","0.0","167.2"
"","low","53.0","643.0","4.0","12.0","76.0","0.6","0.3","118.6"
"Wan'Dale Robinson","TEN","79.9","805.4","3.0","2.0","9.5","0.1","0.3","139.1"
"","high","84.0","823.3","4.0","4.1","22.5","0.2","0.0","176.1"
"","low","77.0","796.0","1.9","0.0","0.0","0.0","0.6","134.0"
"KC Concepcion","CLE","64.8","808.1","4.1","4.2","22.5","0.1","1.3","137.8"
"","high","71.0","878.0","5.0","6.4","34.9","0.2","0.7","138.4"
"","low","58.7","738.1","3.1","2.0","10.0","0.0","2.0","129.8"
"De'Zhaun Stribling","SF","55.4","821.1","4.9","1.5","6.5","0.0","1.3","137.1"
"","high","59.0","850.0","5.0","3.0","13.0","0.0","0.5","134.8"
"","low","51.8","792.1","4.7","0.0","0.0","0.0","2.0","131.7"
"Romeo Doubs","NE","57.1","745.1","5.5","0.0","0.0","0.0","0.3","135.3"
"","high","61.0","809.0","6.0","0.0","0.0","0.0","0.0","163.5"
"","low","52.4","667.4","5.0","0.0","0.0","0.0","0.5","126.8"
"Deebo Samuel Sr.","SF","56.1","631.8","4.3","29.1","111.6","1.1","0.4","134.1"
"","high","65.0","645.0","5.0","36.0","114.0","1.1","0.0","129.2"
"","low","47.2","618.6","3.7","22.1","109.3","1.0","0.7","123.1"
"Matthew Golden","GB","55.9","750.8","4.6","6.2","30.3","0.1","0.4","133.2"
"","high","66.8","876.4","5.0","14.0","66.0","0.2","0.0","155.2"
"","low","47.0","674.0","4.0","0.0","0.0","0.0","0.7","112.0"
"Stefon Diggs","WAS","67.0","746.5","4.1","0.3","0.7","0.0","0.2","132.6"
"","high","71.0","766.0","5.0","1.0","2.0","0.0","0.0","171.1"
"","low","62.0","725.6","3.4","0.0","0.0","0.0","0.5","124.5"
"Rashid Shaheed","SEA","49.9","754.2","3.8","13.4","88.9","0.3","0.8","131.7"
"","high","57.0","862.0","4.0","13.8","91.0","0.5","0.6","129.0"
"","low","42.8","646.4","3.5","13.0","86.7","0.0","1.0","126.6"
"Khalil Shakir","BUF","69.7","726.1","3.9","1.1","5.5","0.0","0.8","130.1"
"","high","72.0","766.0","4.0","2.3","12.5","0.1","0.6","171.5"
"","low","67.0","647.0","3.7","0.0","0.0","0.0","1.0","112.9"
"Josh Downs","IND","68.7","704.5","4.2","1.4","4.2","0.0","0.8","129.3"
"","high","70.1","711.0","6.0","2.1","10.7","0.1","0.6","163.1"
"","low","68.0","695.6","2.7","0.0","0.0","0.0","1.0","121.9"
"Jalen Coker","CAR","60.6","717.3","4.5","0.0","0.0","0.0","0.8","127.4"
"","high","61.2","747.0","6.0","0.0","0.0","0.0","0.6","130.3"
"","low","60.0","687.7","3.0","0.0","0.0","0.0","1.0","116.1"
"Denzel Boston","CLE","62.2","769.1","3.5","1.0","5.0","0.0","1.3","126.8"
"","high","69.0","845.0","4.0","2.0","10.0","0.0","0.6","126.1"
"","low","55.4","693.3","3.0","0.0","0.0","0.0","2.0","118.0"
"Jerry Jeudy","CLE","59.0","774.9","3.4","0.5","2.0","0.0","0.7","125.9"
"","high","66.0","829.0","4.0","1.0","4.0","0.0","0.5","124.5"
"","low","51.9","720.8","2.7","0.0","0.0","0.0","1.0","117.4"
"Calvin Ridley","TEN","46.7","762.3","3.2","4.5","27.5","0.6","0.2","124.8"
"","high","50.0","847.0","3.4","6.1","32.1","1.0","0.0","123.3"
"","low","43.3","677.5","3.0","3.0","23.0","0.3","0.4","115.3"
"Makai Lemon","PHI","52.7","738.0","4.4","1.5","6.5","0.0","1.3","124.4"
"","high","53.0","741.0","4.7","3.0","13.0","0.0","0.5","130.2"
"","low","52.5","735.0","4.0","0.0","0.0","0.0","2.0","112.4"
"Tre Tucker","LV","50.2","631.1","3.8","11.2","54.6","0.2","0.1","116.9"
"","high","52.0","658.2","5.0","12.0","57.3","0.3","0.0","114.7"
"","low","48.4","604.0","2.5","10.4","52.0","0.0","0.3","109.1"
"Rashod Bateman","BAL","38.8","598.2","6.0","0.0","0.0","0.0","0.2","114.8"
"","high","40.0","613.4","8.0","0.0","0.0","0.0","0.0","117.4"
"","low","37.7","583.0","4.0","0.0","0.0","0.0","0.3","104.1"
"Kayshon Boutte","HOU","45.1","624.7","4.8","0.0","0.0","0.0","0.2","113.4"
"","high","51.1","666.4","6.0","0.0","0.0","0.0","0.0","110.4"
"","low","39.0","583.0","3.6","0.0","0.0","0.0","0.4","108.5"
"Keenan Allen","IND","58.4","606.8","3.9","0.0","0.0","0.0","0.3","112.4"
"","high","62.0","675.0","5.0","0.0","0.0","0.0","0.0","117.2"
"","low","54.8","538.6","2.7","0.0","0.0","0.0","0.6","98.6"
"Ja'Kobi Lane","BAL","39.2","592.1","5.4","1.5","8.5","0.0","0.7","110.7"
"","high","44.0","654.0","7.0","3.0","17.0","0.0","0.4","116.6"
"","low","34.4","530.3","3.8","0.0","0.0","0.0","1.0","94.9"
"Jalen McMillan","TB","46.6","606.6","3.9","4.7","26.8","0.1","0.2","110.4"
"","high","47.3","625.0","4.0","5.0","29.0","0.2","0.0","108.9"
"","low","46.0","588.2","3.9","4.4","24.6","0.0","0.4","101.3"
"Jauan Jennings","MIN","48.9","557.2","5.2","0.0","0.0","0.0","0.7","109.8"
"","high","51.0","629.0","7.0","0.0","0.0","0.0","0.5","119.5"
"","low","46.8","485.4","3.4","0.0","0.0","0.0","1.0","92.7"
"Jalen Nailor","LV","43.7","587.2","4.0","2.0","9.0","0.0","0.2","105.3"
"","high","44.3","607.3","5.0","2.1","11.0","0.1","0.0","101.7"
"","low","43.0","567.0","3.0","2.0","7.0","0.0","0.4","100.8"
"Devaughn Vele","NO","47.3","567.2","3.7","0.0","0.0","0.0","0.2","102.0"
"","high","49.6","591.0","4.0","0.0","0.0","0.0","0.0","97.7"
"","low","45.0","543.5","3.4","0.0","0.0","0.0","0.4","97.6"
"Cooper Kupp","SEA","47.4","583.8","3.4","0.5","1.5","0.0","0.7","101.4"
"","high","57.0","696.0","4.0","1.0","3.0","0.0","0.3","106.7"
"","low","37.8","471.6","2.8","0.0","0.0","0.0","1.0","87.4"
"Jaylin Noel","HOU","45.3","514.5","3.6","5.1","17.6","0.1","0.3","97.2"
"","high","50.5","578.0","4.0","6.0","22.2","0.1","0.0","103.7"
"","low","40.0","451.0","3.2","4.2","13.0","0.0","0.6","82.6"
"Adonai Mitchell","NYJ","40.0","550.8","3.3","2.1","5.1","0.1","0.7","94.3"
"","high","41.9","621.6","3.6","2.2","11.2","0.1","0.5","105.7"
"","low","38.0","480.0","3.0","2.0","-1.0","0.0","1.0","75.0"
"Jordyn Tyson","NO","38.8","540.1","2.9","1.0","4.0","0.0","0.7","89.5"
"","high","42.0","596.0","3.0","2.0","8.0","0.0","0.4","85.4"
"","low","35.6","484.2","2.7","0.0","0.0","0.0","1.0","83.6"
"Malik Washington","MIA","45.2","410.5","2.3","13.5","80.9","0.7","0.8","88.5"
"","high","46.0","472.0","3.0","14.0","84.0","1.0","0.6","92.2"
"","low","44.3","349.0","1.7","12.9","77.8","0.4","1.0","74.6"
"Germie Bernard","PIT","41.2","507.6","2.9","2.1","10.8","0.0","0.7","88.5"
"","high","42.0","511.0","3.0","2.1","11.7","0.1","0.4","88.9"
"","low","40.4","504.1","2.8","2.0","10.0","0.0","1.0","80.6"
"Chris Bell","MIA","40.6","515.8","2.8","1.0","5.5","0.0","0.7","88.0"
"","high","47.0","582.0","4.0","2.0","11.0","0.0","0.4","92.3"
"","low","34.2","449.7","1.6","0.0","0.0","0.0","1.0","74.6"
"Antonio Williams","WAS","35.5","496.0","3.1","3.5","18.7","0.1","1.2","86.3"
"","high","45.0","648.0","4.0","4.1","22.3","0.2","0.3","93.7"
"","low","25.9","344.1","2.3","3.0","15.0","0.0","2.0","69.5"
"Caleb Douglas","MIA","39.2","507.2","2.5","1.0","5.5","0.0","0.7","84.7"
"","high","43.5","581.4","3.0","2.0","11.0","0.0","0.4","89.6"
"","low","35.0","433.0","2.1","0.0","0.0","0.0","1.0","70.6"
"Omar Cooper Jr.","NYJ","38.4","457.7","3.1","2.1","12.5","0.1","0.7","83.9"
"","high","44.0","520.0","4.0","2.2","13.0","0.1","0.4","85.2"
"","low","32.9","395.4","2.2","2.0","12.0","0.0","1.0","73.9"
"Travis Hunter","JAC","38.1","451.6","3.1","2.0","10.8","0.1","0.4","83.2"
"","high","38.1","451.6","3.1","2.0","10.8","0.1","0.4","84.5"
"","low","38.1","451.6","3.1","2.0","10.8","0.1","0.4","84.5"
"Xavier Hutchinson","HOU","38.7","470.4","2.5","2.1","14.2","0.0","0.2","82.8"
"","high","43.0","509.0","3.0","2.1","16.0","0.1","0.0","78.3"
"","low","34.4","431.7","2.0","2.0","12.4","0.0","0.3","76.1"
"Dontayvion Wicks","PHI","38.7","458.2","3.0","0.5","2.5","0.0","0.2","82.7"
"","high","39.5","517.5","3.0","1.0","5.0","0.0","0.0","88.0"
"","low","38.0","399.0","2.9","0.0","0.0","0.0","0.4","69.4"
"Tyquan Thornton","KC","25.4","466.5","3.5","0.0","0.0","0.0","0.1","80.0"
"","high","27.0","574.0","4.0","0.0","0.0","0.0","0.0","85.7"
"","low","23.8","358.9","3.0","0.0","0.0","0.0","0.2","66.2"
"Tory Horton","SEA","30.3","400.5","4.2","0.5","3.0","0.0","0.6","79.2"
"","high","39.0","502.0","6.0","1.0","6.0","0.0","0.2","90.2"
"","low","21.6","298.9","2.3","0.0","0.0","0.0","1.0","59.0"
"Darius Slayton","NYG","35.1","502.5","1.9","1.6","8.6","0.0","0.7","79.0"
"","high","42.0","612.0","2.0","2.2","12.3","0.1","0.3","80.5"
"","low","28.2","393.0","1.8","1.0","5.0","0.0","1.0","68.9"
"Troy Franklin","DEN","36.5","402.6","3.4","3.0","10.8","0.0","0.6","79.0"
"","high","56.0","589.0","5.0","4.0","11.0","0.1","0.2","96.2"
"","low","17.0","216.2","1.8","2.1","10.6","0.0","1.0","52.0"
"Xavier Legette","CAR","35.7","416.9","2.6","2.1","10.9","0.1","0.4","75.8"
"","high","35.7","416.9","2.6","2.1","10.9","0.1","0.4","76.2"
"","low","35.7","416.9","2.6","2.1","10.9","0.1","0.4","76.2"
"Jahan Dotson","ATL","35.2","443.3","2.3","0.0","0.0","0.0","0.3","74.9"
"","high","35.2","443.3","2.3","0.0","0.0","0.0","0.3","75.2"
"","low","35.2","443.3","2.3","0.0","0.0","0.0","0.3","75.2"
"Tre' Harris","LAC","34.5","410.5","2.5","0.0","0.0","0.0","0.4","72.5"
"","high","34.5","410.5","2.5","0.0","0.0","0.0","0.4","72.6"
"","low","34.5","410.5","2.5","0.0","0.0","0.0","0.4","72.6"
"Isaac TeSlaa","DET","25.4","352.4","4.1","0.0","0.0","0.0","0.1","72.4"
"","high","27.0","404.0","5.0","0.0","0.0","0.0","0.0","74.7"
"","low","23.8","300.9","3.2","0.0","0.0","0.0","0.2","61.8"
"Ryan Flournoy","DAL","33.8","382.9","2.7","2.2","12.4","0.1","0.4","72.3"
"","high","33.8","382.9","2.7","2.2","12.4","0.1","0.4","72.4"
"","low","33.8","382.9","2.7","2.2","12.4","0.1","0.4","72.4"
"Bryce Lance","NO","34.1","451.4","1.9","1.0","5.0","0.0","1.1","72.2"
"","high","53.0","710.0","3.0","2.0","10.0","0.0","0.2","94.0"
"","low","15.1","192.8","0.9","0.0","0.0","0.0","2.0","41.4"
"Jalen Tolbert","MIA","35.4","442.7","1.7","0.0","0.0","0.0","0.3","71.7"
"","high","35.4","442.7","1.7","0.0","0.0","0.0","0.3","71.9"
"","low","35.4","442.7","1.7","0.0","0.0","0.0","0.3","71.9"
"Andrei Iosivas","CIN","29.5","373.0","2.7","2.5","11.0","0.0","0.1","69.6"
"","high","35.0","470.0","3.0","3.0","11.1","0.1","0.0","70.7"
"","low","23.9","276.1","2.5","2.0","11.0","0.0","0.2","58.6"
"Malachi Fields","NYG","32.5","405.4","2.2","0.0","0.0","0.0","0.3","69.2"
"","high","32.5","405.4","2.2","0.0","0.0","0.0","0.3","69.5"
"","low","32.5","405.4","2.2","0.0","0.0","0.0","0.3","69.5"
"Ted Hurst III","TB","28.9","389.8","2.6","1.0","6.5","0.0","0.6","68.2"
"","high","35.0","485.0","3.0","2.0","13.0","0.0","0.2","69.4"
"","low","22.8","294.5","2.1","0.0","0.0","0.0","1.0","56.6"
"Hollywood Brown","PHI","28.2","349.3","3.0","0.0","0.0","0.0","0.1","67.0"
"","high","44.0","545.0","5.0","0.0","0.0","0.0","0.0","91.1"
"","low","12.4","153.7","1.0","0.0","0.0","0.0","0.1","35.4"
"Malik Benson","LV","33.2","396.7","1.9","1.0","4.0","0.0","0.6","66.8"
"","high","47.0","549.0","3.0","2.0","8.0","0.0","0.2","79.6"
"","low","19.4","244.4","0.8","0.0","0.0","0.0","1.0","45.5"
"Elic Ayomanor","TEN","25.4","342.7","3.3","0.0","0.0","0.0","0.0","66.7"
"","high","42.0","570.0","6.0","0.0","0.0","0.0","0.0","97.7"
"","low","8.8","115.5","0.6","0.0","0.0","0.0","0.1","27.8"
"DeMario Douglas","NE","30.2","365.6","2.0","4.1","21.5","0.2","0.4","66.3"
"","high","30.2","365.6","2.0","4.1","21.5","0.2","0.4","66.4"
"","low","30.2","365.6","2.0","4.1","21.5","0.2","0.4","66.4"
"Chimere Dike","TEN","27.8","271.6","3.4","10.1","33.6","0.3","0.6","65.3"
"","high","45.0","431.0","6.0","10.1","50.3","0.6","0.2","83.9"
"","low","10.6","112.2","0.8","10.0","17.0","0.0","1.0","42.9"
"Zachariah Branch","ATL","31.4","381.7","1.9","0.0","0.0","0.0","0.3","64.6"
"","high","31.4","381.7","1.9","0.0","0.0","0.0","0.3","66.8"
"","low","31.4","381.7","1.9","0.0","0.0","0.0","0.3","66.8"
"Keon Coleman","BUF","24.4","337.9","2.8","0.0","0.0","0.0","0.2","62.5"
"","high","24.4","337.9","2.8","0.0","0.0","0.0","0.2","63.3"
"","low","24.4","337.9","2.8","0.0","0.0","0.0","0.2","63.3"
"Tank Dell","HOU","25.0","319.0","2.0","6.0","26.5","0.0","0.0","59.1"
"","high","50.0","638.0","4.0","12.0","53.0","0.0","0.0","93.5"
"","low","0.0","0.0","0.0","0.0","0.0","0.0","0.0","12.5"
"Joshua Palmer","BUF","26.9","355.2","1.7","0.0","0.0","0.0","0.1","59.0"
"","high","35.0","479.0","2.0","0.0","0.0","0.0","0.0","64.5"
"","low","18.9","231.3","1.4","0.0","0.0","0.0","0.2","44.9"
"Pat Bryant","DEN","28.4","320.2","2.1","0.0","0.0","0.0","0.3","58.3"
"","high","28.4","320.2","2.1","0.0","0.0","0.0","0.3","58.6"
"","low","28.4","320.2","2.1","0.0","0.0","0.0","0.3","58.6"
"Christian Kirk","SF","27.5","315.5","2.0","0.0","0.0","0.0","0.0","57.3"
"","high","55.0","631.0","4.0","0.0","0.0","0.0","0.0","92.8"
"","low","0.0","0.0","0.0","0.0","0.0","0.0","0.0","13.8"
"Ashton Dulin","IND","17.5","338.2","1.3","5.1","46.2","0.1","0.1","55.3"
"","high","25.0","551.0","2.0","6.0","66.0","0.2","0.0","69.7"
"","low","10.0","125.3","0.6","4.2","26.3","0.0","0.1","29.9"
"Marvin Mims Jr.","DEN","24.1","272.9","1.6","8.2","45.1","0.3","0.4","54.7"
"","high","24.1","272.9","1.6","8.2","45.1","0.3","0.4","58.0"
"","low","24.1","272.9","1.6","8.2","45.1","0.3","0.4","58.0"
"KaVontae Turpin","DAL","18.1","229.4","1.7","17.8","103.0","0.4","0.4","54.5"
"","high","18.1","229.4","1.7","17.8","103.0","0.4","0.4","57.9"
"","low","18.1","229.4","1.7","17.8","103.0","0.4","0.4","57.9"
"Kevin Coleman Jr.","MIA","27.1","352.4","0.9","0.0","0.0","0.0","0.3","53.4"
"","high","27.1","352.4","0.9","0.0","0.0","0.0","0.3","53.5"
"","low","27.1","352.4","0.9","0.0","0.0","0.0","0.3","53.5"
"Zavion Thomas","CHI","23.3","305.0","2.1","1.5","6.5","0.0","1.1","53.3"
"","high","34.0","456.0","3.0","3.0","13.0","0.0","0.1","61.7"
"","low","12.6","154.1","1.2","0.0","0.0","0.0","2.0","35.4"
"Darnell Mooney","NYG","21.5","308.3","1.7","2.2","11.9","0.1","0.2","52.8"
"","high","21.5","308.3","1.7","2.2","11.9","0.1","0.2","52.9"
"","low","21.5","308.3","1.7","2.2","11.9","0.1","0.2","52.9"
"Jack Bech","LV","27.7","315.0","1.2","0.0","0.0","0.0","0.3","51.9"
"","high","27.7","315.0","1.2","0.0","0.0","0.0","0.3","52.1"
"","low","27.7","315.0","1.2","0.0","0.0","0.0","0.3","52.1"
"Jahdae Walker","CHI","17.6","232.8","2.7","0.5","3.5","0.0","0.0","48.4"
"","high","32.0","430.0","5.0","1.0","7.0","0.0","0.0","73.8"
"","low","3.2","35.7","0.3","0.0","0.0","0.0","0.0","14.3"
"Demarcus Robinson","SF","19.3","272.9","1.8","0.5","2.5","0.0","0.0","47.9"
"","high","32.0","458.0","3.0","1.0","5.0","0.0","0.0","63.6"
"","low","6.6","87.8","0.6","0.0","0.0","0.0","0.1","22.0"
"Mack Hollins","NE","21.5","257.9","1.6","0.0","0.0","0.0","0.2","45.8"
"","high","21.5","257.9","1.6","0.0","0.0","0.0","0.2","45.9"
"","low","21.5","257.9","1.6","0.0","0.0","0.0","0.2","45.9"
"Cyrus Allen","KC","19.4","245.1","1.5","0.0","0.0","0.0","0.2","43.0"
"","high","19.4","245.1","1.5","0.0","0.0","0.0","0.2","43.1"
"","low","19.4","245.1","1.5","0.0","0.0","0.0","0.2","43.1"
"Kyle Williams","NE","16.1","232.4","1.4","4.1","22.4","0.2","0.2","42.7"
"","high","16.1","232.4","1.4","4.1","22.4","0.2","0.2","43.3"
"","low","16.1","232.4","1.4","4.1","22.4","0.2","0.2","43.3"
"Luke McCaffrey","WAS","14.4","220.6","2.3","0.0","0.0","0.0","0.0","42.7"
"","high","22.0","361.0","4.0","0.0","0.0","0.0","0.0","60.2"
"","low","6.7","80.2","0.5","0.0","0.0","0.0","0.1","18.9"
"Kendrick Bourne","ARI","22.8","239.1","0.7","0.0","0.0","0.0","0.2","38.8"
"","high","22.8","239.1","0.7","0.0","0.0","0.0","0.2","38.9"
"","low","22.8","239.1","0.7","0.0","0.0","0.0","0.2","38.9"
"Dyami Brown","WAS","15.9","216.7","1.6","0.0","0.0","0.0","0.2","38.7"
"","high","15.9","216.7","1.6","0.0","0.0","0.0","0.2","39.0"
"","low","15.9","216.7","1.6","0.0","0.0","0.0","0.2","39.0"
"Treylon Burks","WAS","15.0","217.5","1.4","0.0","0.0","0.0","0.1","37.2"
"","high","15.0","217.5","1.4","0.0","0.0","0.0","0.1","37.4"
"","low","15.0","217.5","1.4","0.0","0.0","0.0","0.1","37.4"
"Kalif Raymond","CHI","19.4","187.5","0.9","4.5","26.8","0.2","0.2","36.9"
"","high","19.4","187.5","0.9","4.5","26.8","0.2","0.2","38.5"
"","low","19.4","187.5","0.9","4.5","26.8","0.2","0.2","38.5"
"Devontez Walker","BAL","14.5","208.5","1.5","0.0","0.0","0.0","0.2","36.6"
"","high","14.5","208.5","1.5","0.0","0.0","0.0","0.2","36.7"
"","low","14.5","208.5","1.5","0.0","0.0","0.0","0.2","36.7"
"Savion Williams","GB","13.1","147.2","1.1","9.0","47.1","0.3","0.2","34.1"
"","high","13.1","147.2","1.1","9.0","47.1","0.3","0.2","34.9"
"","low","13.1","147.2","1.1","9.0","47.1","0.3","0.2","34.9"
"Isaiah Bond","CLE","11.4","151.7","0.9","4.3","23.6","0.1","0.2","29.0"
"","high","11.4","151.7","0.9","4.3","23.6","0.1","0.2","29.1"
"","low","11.4","151.7","0.9","4.3","23.6","0.1","0.2","29.1"
"Jaylin Lane","WAS","12.4","159.3","1.1","0.0","0.0","0.0","0.1","28.4"
"","high","12.4","159.3","1.1","0.0","0.0","0.0","0.1","31.1"
"","low","12.4","159.3","1.1","0.0","0.0","0.0","0.1","31.1"
"Skyler Bell","BUF","12.1","163.6","1.0","0.0","0.0","0.0","0.1","27.9"
"","high","12.1","163.6","1.0","0.0","0.0","0.0","0.1","28.1"
"","low","12.1","163.6","1.0","0.0","0.0","0.0","0.1","28.1"
"Tutu Atwell","LAR","9.7","139.2","0.9","2.3","12.0","0.1","0.1","26.0"
"","high","9.7","139.2","0.9","2.3","12.0","0.1","0.1","26.0"
"","low","9.7","139.2","0.9","2.3","12.0","0.1","0.1","26.0"
"Olamide Zaccheaus","ATL","14.3","142.3","0.6","0.0","0.0","0.0","0.2","24.8"
"","high","14.3","142.3","0.6","0.0","0.0","0.0","0.2","25.2"
"","low","14.3","142.3","0.6","0.0","0.0","0.0","0.2","25.2"
"Colbie Young","CIN","10.6","131.4","1.0","0.0","0.0","0.0","0.1","24.2"
"","high","10.6","131.4","1.0","0.0","0.0","0.0","0.1","24.3"
"","low","10.6","131.4","1.0","0.0","0.0","0.0","0.1","24.3"
"Roman Wilson","PIT","11.8","135.0","0.6","0.0","0.0","0.0","0.1","22.9"
"","high","11.8","135.0","0.6","0.0","0.0","0.0","0.1","23.0"
"","low","11.8","135.0","0.6","0.0","0.0","0.0","0.1","23.0"
"Brenen Thompson","LAC","9.5","121.7","0.7","2.1","11.3","0.1","0.1","22.7"
"","high","9.5","121.7","0.7","2.1","11.3","0.1","0.1","22.8"
"","low","9.5","121.7","0.7","2.1","11.3","0.1","0.1","22.8"
"Isaiah Williams","NYJ","11.7","114.3","0.4","2.2","12.7","0.1","0.1","21.6"
"","high","11.7","114.3","0.4","2.2","12.7","0.1","0.1","25.2"
"","low","11.7","114.3","0.4","2.2","12.7","0.1","0.1","25.2"
"Elijah Sarratt","BAL","8.3","123.6","0.8","0.0","0.0","0.0","0.1","20.9"
"","high","8.3","123.6","0.8","0.0","0.0","0.0","0.1","20.9"
"","low","8.3","123.6","0.8","0.0","0.0","0.0","0.1","20.9"
"Odell Beckham Jr.","NYG","9.2","113.1","0.6","0.0","0.0","0.0","0.1","19.3"
"","high","9.2","113.1","0.6","0.0","0.0","0.0","0.1","19.4"
"","low","9.2","113.1","0.6","0.0","0.0","0.0","0.1","19.4"
"Tez Johnson","TB","6.7","77.5","0.6","4.4","23.2","0.2","0.1","18.1"
"","high","6.7","77.5","0.6","4.4","23.2","0.2","0.1","18.2"
"","low","6.7","77.5","0.6","4.4","23.2","0.2","0.1","18.2"
"Jimmy Horn Jr.","CAR","6.6","75.5","0.4","6.2","37.0","0.2","0.1","17.9"
"","high","6.6","75.5","0.4","6.2","37.0","0.2","0.1","17.9"
"","low","6.6","75.5","0.4","6.2","37.0","0.2","0.1","17.9"
"Jordan Whittington","LAR","7.5","84.7","0.6","2.3","12.1","0.1","0.1","17.6"
"","high","7.5","84.7","0.6","2.3","12.1","0.1","0.1","18.0"
"","low","7.5","84.7","0.6","2.3","12.1","0.1","0.1","18.0"
"Konata Mumpfield","LAR","6.6","83.7","0.8","0.0","0.0","0.0","0.1","16.1"
"","high","6.6","83.7","0.8","0.0","0.0","0.0","0.1","16.2"
"","low","6.6","83.7","0.8","0.0","0.0","0.0","0.1","16.2"
"Jalen Royals","KC","6.8","78.1","0.6","0.0","0.0","0.0","0.1","14.9"
"","high","6.8","78.1","0.6","0.0","0.0","0.0","0.1","14.9"
"","low","6.8","78.1","0.6","0.0","0.0","0.0","0.1","14.9"
"KeAndre Lambert-Smith","LAC","6.4","80.6","0.6","0.0","0.0","0.0","0.1","14.6"
"","high","6.4","80.6","0.6","0.0","0.0","0.0","0.1","14.9"
"","low","6.4","80.6","0.6","0.0","0.0","0.0","0.1","14.9"
"Laquon Treadwell","IND","6.9","76.0","0.4","0.0","0.0","0.0","0.1","13.3"
"","high","6.9","76.0","0.4","0.0","0.0","0.0","0.1","13.4"
"","low","6.9","76.0","0.4","0.0","0.0","0.0","0.1","13.4"
"Bo Melton","GB","5.0","65.1","0.4","2.2","13.0","0.1","0.1","13.2"
"","high","5.0","65.1","0.4","2.2","13.0","0.1","0.1","13.4"
"","low","5.0","65.1","0.4","2.2","13.0","0.1","0.1","13.4"
"Dont'e Thornton Jr.","LV","6.0","83.0","0.3","0.0","0.0","0.0","0.1","13.0"
"","high","6.0","83.0","0.3","0.0","0.0","0.0","0.1","13.0"
"","low","6.0","83.0","0.3","0.0","0.0","0.0","0.1","13.0"
"Barion Brown","NO","5.9","74.3","0.3","0.0","0.0","0.0","0.1","12.3"
"","high","5.9","74.3","0.3","0.0","0.0","0.0","0.1","14.4"
"","low","5.9","74.3","0.3","0.0","0.0","0.0","0.1","14.4"
"Tay Martin","DET","3.4","40.7","0.3","4.7","25.7","0.3","0.1","11.5"
"","high","3.4","40.7","0.3","4.7","25.7","0.3","0.1","11.5"
"","low","3.4","40.7","0.3","4.7","25.7","0.3","0.1","11.5"
"Malachi Corley","CLE","3.4","33.7","0.1","6.4","43.9","0.2","0.1","11.2"
"","high","3.4","33.7","0.1","6.4","43.9","0.2","0.1","11.9"
"","low","3.4","33.7","0.1","6.4","43.9","0.2","0.1","11.9"
"Kevin Austin Jr.","NO","5.3","64.5","0.3","0.0","0.0","0.0","0.1","10.6"
"","high","5.3","64.5","0.3","0.0","0.0","0.0","0.1","10.6"
"","low","5.3","64.5","0.3","0.0","0.0","0.0","0.1","10.6"
"Derius Davis","LAC","3.5","38.1","0.3","2.1","11.0","0.1","0.1","8.6"
"","high","3.5","38.1","0.3","2.1","11.0","0.1","0.1","9.9"
"","low","3.5","38.1","0.3","2.1","11.0","0.1","0.1","9.9"
"Dohnte Meyers","CIN","3.7","42.6","0.4","0.0","0.0","0.0","0.0","8.3"
"","high","3.7","42.6","0.4","0.0","0.0","0.0","0.0","8.3"
"","low","3.7","42.6","0.4","0.0","0.0","0.0","0.0","8.3"
"Xavier Smith","LAR","3.6","44.3","0.3","0.0","0.0","0.0","0.0","8.1"
"","high","3.6","44.3","0.3","0.0","0.0","0.0","0.0","9.8"
"","low","3.6","44.3","0.3","0.0","0.0","0.0","0.0","9.8"
"Efton Chism III","NE","3.5","42.7","0.3","0.0","0.0","0.0","0.0","7.8"
"","high","3.5","42.7","0.3","0.0","0.0","0.0","0.0","8.3"
"","low","3.5","42.7","0.3","0.0","0.0","0.0","0.0","8.3"
"Jacob Cowing","SF","3.3","44.1","0.3","0.0","0.0","0.0","0.0","7.7"
"","high","3.3","44.1","0.3","0.0","0.0","0.0","0.0","8.8"
"","low","3.3","44.1","0.3","0.0","0.0","0.0","0.0","8.8"
"Josh Cameron","JAC","3.2","39.9","0.2","0.0","0.0","0.0","0.0","7.0"
"","high","3.2","39.9","0.2","0.0","0.0","0.0","0.0","7.4"
"","low","3.2","39.9","0.2","0.0","0.0","0.0","0.0","7.4"
"Tai Felton","MIN","3.7","37.0","0.2","0.0","0.0","0.0","0.0","6.9"
"","high","3.7","37.0","0.2","0.0","0.0","0.0","0.0","7.2"
"","low","3.7","37.0","0.2","0.0","0.0","0.0","0.0","7.2"
"Jonathan Mingo","DAL","2.9","40.5","0.3","0.0","0.0","0.0","0.0","6.9"
"","high","2.9","40.5","0.3","0.0","0.0","0.0","0.0","6.9"
"","low","2.9","40.5","0.3","0.0","0.0","0.0","0.0","6.9"
"Darius Cooper","PHI","3.3","37.7","0.3","0.0","0.0","0.0","0.0","6.8"
"","high","3.3","37.7","0.3","0.0","0.0","0.0","0.0","6.9"
"","low","3.3","37.7","0.3","0.0","0.0","0.0","0.0","6.9"
"Reggie Virgil","ARI","3.4","39.2","0.1","0.0","0.0","0.0","0.0","6.4"
"","high","3.4","39.2","0.1","0.0","0.0","0.0","0.0","6.4"
"","low","3.4","39.2","0.1","0.0","0.0","0.0","0.0","6.4"
"Brycen Tremayne","CAR","3.3","36.0","0.2","0.0","0.0","0.0","0.0","6.1"
"","high","3.3","36.0","0.2","0.0","0.0","0.0","0.0","6.3"
"","low","3.3","36.0","0.2","0.0","0.0","0.0","0.0","6.3"
"Arian Smith","NYJ","0.0","0.0","0.0","4.4","23.7","0.2","0.0","3.5"
"","high","0.0","0.0","0.0","4.4","23.7","0.2","0.0","3.5"
"","low","0.0","0.0","0.0","4.4","23.7","0.2","0.0","3.5"
"Ben Skowronek","PIT","1.8","16.9","0.1","0.0","0.0","0.0","0.0","3.0"
"","high","1.8","16.9","0.1","0.0","0.0","0.0","0.0","3.0"
"","low","1.8","16.9","0.1","0.0","0.0","0.0","0.0","3.0"
"Kameron Johnson","TB","0.0","0.0","0.0","2.2","12.1","0.1","0.0","1.8"
"","high","0.0","0.0","0.0","2.2","12.1","0.1","0.0","3.7"
"","low","0.0","0.0","0.0","2.2","12.1","0.1","0.0","3.7"
"Kaden Wetjen","PIT","0.0","0.0","0.0","2.1","11.7","0.1","0.0","1.6"
"","high","0.0","0.0","0.0","2.1","11.7","0.1","0.0","4.1"
"","low","0.0","0.0","0.0","2.1","11.7","0.1","0.0","4.1"
"Gunner Olszewski","NYG","0.0","0.0","0.0","0.0","0.0","0.0","0.0","0.0"
"","high","0.0","0.0","0.0","0.0","0.0","0.0","0.0","0.0"
"","low","0.0","0.0","0.0","0.0","0.0","0.0","0.0","0.0"
"Devin Duvernay","ARI","0.0","0.0","0.0","0.0","0.0","0.0","0.0","0.0"
"","high","0.0","0.0","0.0","0.0","0.0","0.0","0.0","1.7"
"","low","0.0","0.0","0.0","0.0","0.0","0.0","0.0","1.7"
"Tylan Wallace","CLE","0.0","0.0","0.0","0.0","0.0","0.0","0.0","0.0"
"","high","0.0","0.0","0.0","0.0","0.0","0.0","0.0","0.0"
"","low","0.0","0.0","0.0","0.0","0.0","0.0","0.0","0.0"
"Skyy Moore","GB","0.0","0.0","0.0","0.0","0.0","0.0","0.0","0.0"
"","high","0.0","0.0","0.0","0.0","0.0","0.0","0.0","0.4"
"","low","0.0","0.0","0.0","0.0","0.0","0.0","0.0","0.4"
"Xavier Weaver","ARI","0.0","0.0","0.0","0.0","0.0","0.0","0.0","0.0"
"","high","0.0","0.0","0.0","0.0","0.0","0.0","0.0","0.0"
"","low","0.0","0.0","0.0","0.0","0.0","0.0","0.0","0.0"
"Dareke Young","LV","0.0","0.0","0.0","0.0","0.0","0.0","0.0","0.0"
"","high","0.0","0.0","0.0","0.0","0.0","0.0","0.0","0.4"
"","low","0.0","0.0","0.0","0.0","0.0","0.0","0.0","0.4"
"Jalen Brooks","ARI","0.0","0.0","0.0","0.0","0.0","0.0","0.0","0.0"
"","high","0.0","0.0","0.0","0.0","0.0","0.0","0.0","0.3"
"","low","0.0","0.0","0.0","0.0","0.0","0.0","0.0","0.3"
"Nikko Remigio","KC","0.0","0.0","0.0","0.0","0.0","0.0","0.0","0.0"
"","high","0.0","0.0","0.0","0.0","0.0","0.0","0.0","1.4"
"","low","0.0","0.0","0.0","0.0","0.0","0.0","0.0","1.4"
"Tyrell Shavers","BUF","0.0","0.0","0.0","0.0","0.0","0.0","0.0","0.0"
"","high","0.0","0.0","0.0","0.0","0.0","0.0","0.0","0.0"
"","low","0.0","0.0","0.0","0.0","0.0","0.0","0.0","0.0"
"Mason Tipton","NO","0.0","0.0","0.0","0.0","0.0","0.0","0.0","0.0"
"","high","0.0","0.0","0.0","0.0","0.0","0.0","0.0","0.0"
"","low","0.0","0.0","0.0","0.0","0.0","0.0","0.0","0.0"
"LaJohntay Wester","BAL","0.0","0.0","0.0","0.0","0.0","0.0","0.0","0.0"
"","high","0.0","0.0","0.0","0.0","0.0","0.0","0.0","1.9"
"","low","0.0","0.0","0.0","0.0","0.0","0.0","0.0","1.9"
"Ke'Shawn Williams","CIN","0.0","0.0","0.0","0.0","0.0","0.0","0.0","0.0"
"","high","0.0","0.0","0.0","0.0","0.0","0.0","0.0","2.1"
"","low","0.0","0.0","0.0","0.0","0.0","0.0","0.0","2.1"
"Myles Price","MIN","0.0","0.0","0.0","0.0","0.0","0.0","0.0","0.0"
"","high","0.0","0.0","0.0","0.0","0.0","0.0","0.0","2.0"
"","low","0.0","0.0","0.0","0.0","0.0","0.0","0.0","2.0"
""
""