"Player","Team","ATT","CMP","YDS","TDS","INTS","ATT","YDS","TDS","FL","FPTS"
" ","","",""
"Josh Allen","BUF","492.1","333.4","3813.5","27.5","11.2","118.1","585.9","11.5","4.1","370.6"
"","high","508.3","340.2","3949.5","30.0","9.0","125.0","610.0","12.5","4.0","396.0"
"","low","479.0","326.0","3704.0","26.0","13.0","113.0","567.0","10.0","4.2","370.6"
"Lamar Jackson","BAL","448.9","291.6","3651.5","28.3","9.6","118.7","640.3","3.2","4.2","324.8"
"","high","475.0","304.0","3885.6","33.0","8.0","127.0","670.8","3.7","4.0","362.0"
"","low","405.0","268.0","3365.0","26.0","11.0","107.0","604.0","3.0","4.3","322.5"
"Jayden Daniels","WAS","492.8","321.8","3677.0","23.8","11.0","130.0","685.4","4.7","2.8","322.2"
"","high","519.4","346.5","3846.1","26.0","9.9","140.0","745.0","5.1","2.0","353.0"
"","low","463.0","292.0","3415.0","22.3","12.0","119.0","642.0","4.0","3.7","317.5"
"Drake Maye","NE","496.1","340.7","3999.4","27.7","10.4","99.4","492.9","3.7","5.6","320.7"
"","high","519.3","355.1","4100.1","28.0","9.0","101.1","532.6","4.1","5.1","349.0"
"","low","475.0","326.0","3849.0","27.1","11.2","96.0","433.0","3.0","6.0","320.2"
"Jalen Hurts","PHI","488.0","316.8","3566.5","24.2","7.4","111.8","461.1","8.4","4.0","320.2"
"","high","499.1","327.4","3776.5","26.0","6.0","118.0","490.0","9.1","4.0","348.0"
"","low","471.0","302.0","3367.0","23.0","9.2","106.3","437.4","8.0","4.1","319.8"
"Joe Burrow","CIN","591.5","395.8","4174.9","33.3","11.6","48.2","178.5","1.4","1.9","310.8"
"","high","621.0","410.0","4266.0","34.0","10.0","61.0","188.6","2.1","1.0","350.0"
"","low","572.4","387.3","4128.0","32.9","14.0","32.0","165.0","1.0","2.9","304.3"
"Jaxson Dart","NYG","509.0","324.0","3586.3","22.3","11.0","100.9","549.3","6.5","2.9","309.6"
"","high","517.0","331.0","3678.8","26.0","9.0","103.0","564.0","7.0","2.0","346.0"
"","low","502.1","315.0","3510.0","20.0","14.0","99.0","531.0","6.0","3.7","299.5"
"Trevor Lawrence","JAC","545.7","336.1","3912.2","27.0","13.0","72.5","322.0","4.9","3.4","306.6"
"","high","560.0","347.4","3948.0","31.0","11.0","77.0","335.1","6.0","3.0","357.0"
"","low","536.0","326.0","3843.0","25.0","15.0","67.0","301.0","4.0","3.8","289.5"
"Brock Purdy","SF","547.5","369.6","4153.9","27.3","14.3","70.8","304.4","3.8","4.3","306.0"
"","high","558.0","380.0","4177.7","29.0","13.0","82.0","350.0","5.0","3.7","344.0"
"","low","529.6","351.7","4125.0","26.0","16.0","65.0","277.1","3.0","5.0","292.0"
"Dak Prescott","DAL","581.5","383.7","4288.3","30.9","11.3","49.1","173.3","1.7","2.8","305.8"
"","high","614.0","400.0","4428.0","33.0","10.0","51.3","186.0","2.1","2.0","361.0"
"","low","553.4","370.1","4108.0","29.7","12.0","45.0","161.0","1.0","3.6","286.0"
"Patrick Mahomes II","KC","554.9","353.7","3836.6","27.1","11.9","60.4","359.7","3.4","2.0","302.5"
"","high","567.0","358.2","4000.7","29.0","11.0","71.0","437.0","4.0","1.0","343.0"
"","low","547.0","350.0","3678.0","26.0","13.0","53.1","315.0","3.0","3.0","291.0"
"Caleb Williams","CHI","550.6","330.5","3872.3","27.4","9.3","79.4","398.4","2.1","3.0","301.5"
"","high","580.0","339.0","3909.0","30.0","8.0","88.0","412.0","2.3","2.0","349.0"
"","low","533.7","319.6","3836.8","25.2","10.0","71.1","381.3","2.0","4.1","281.9"
"Justin Herbert","LAC","529.4","349.4","3854.1","26.2","11.7","78.4","450.5","2.1","2.8","299.5"
"","high","534.0","352.0","3952.0","28.0","11.0","83.0","518.0","2.4","2.0","334.0"
"","low","527.0","345.3","3761.0","25.0","13.0","74.0","406.5","2.0","3.6","283.6"
"Bo Nix","DEN","555.5","355.3","3744.3","26.8","11.0","79.1","341.3","3.7","2.0","298.0"
"","high","575.0","364.0","3874.8","27.0","10.0","82.3","362.0","4.0","1.0","322.2"
"","low","527.0","338.0","3508.0","26.5","12.0","73.0","306.0","3.0","3.1","295.7"
"Matthew Stafford","LAR","547.0","352.7","4190.5","34.0","8.6","23.7","33.1","0.2","2.8","293.9"
"","high","557.9","359.0","4279.5","34.9","7.0","27.0","39.3","0.6","2.0","341.0"
"","low","539.0","343.0","4050.0","33.0","9.7","17.0","22.0","0.0","3.5","292.9"
"Kyler Murray","MIN","518.8","344.3","3644.9","24.4","14.4","82.7","495.7","3.5","4.0","291.4"
"","high","552.3","372.9","3777.6","28.0","11.2","85.0","502.2","4.0","4.0","316.0"
"","low","479.0","314.0","3485.0","22.1","20.0","80.2","491.0","3.0","4.0","283.4"
"Jared Goff","DET","547.2","373.8","4309.5","31.7","10.0","23.7","48.2","0.2","3.7","288.0"
"","high","572.0","383.0","4459.0","34.0","10.0","27.2","50.0","0.7","3.4","340.0"
"","low","526.0","367.0","4219.4","29.2","10.0","21.0","45.0","0.0","4.0","269.1"
"Tyler Shough","NO","550.4","362.6","3945.6","22.2","11.7","78.6","330.1","4.1","3.6","285.1"
"","high","557.0","371.0","4002.0","24.0","10.0","94.0","377.0","4.3","3.2","308.0"
"","low","545.3","354.8","3883.9","20.5","14.0","65.7","285.3","4.0","4.0","265.5"
"Baker Mayfield","TB","541.1","348.8","3839.6","25.9","12.9","58.0","362.7","1.5","3.7","281.8"
"","high","554.0","355.0","3945.0","29.0","11.7","60.0","399.0","2.0","3.0","333.0"
"","low","526.4","338.4","3750.0","24.0","15.0","54.1","323.2","1.0","4.4","264.7"
"Daniel Jones","IND","513.0","337.2","3758.6","23.5","11.7","66.0","250.7","4.0","3.8","274.0"
"","high","528.1","349.5","3843.0","30.0","11.2","73.0","307.0","5.9","3.0","322.0"
"","low","492.0","329.0","3688.0","19.6","12.0","52.0","167.0","3.0","4.5","266.6"
"Malik Willis","MIA","493.5","318.2","3374.4","18.1","12.5","124.9","642.7","4.1","6.1","271.8"
"","high","515.0","322.7","3563.1","26.0","10.0","145.0","724.0","5.0","6.0","321.0"
"","low","461.0","313.0","3110.0","13.3","17.0","105.6","547.0","3.4","6.2","239.8"
"Jordan Love","GB","510.9","331.7","3846.1","26.7","10.2","48.8","206.7","1.0","3.0","271.2"
"","high","530.8","343.0","3996.3","29.0","10.0","53.0","222.0","1.0","2.0","309.0"
"","low","474.0","310.0","3686.0","25.2","10.7","43.0","185.0","1.0","4.0","260.3"
"Sam Darnold","SEA","506.8","336.7","4087.5","27.3","13.1","44.0","131.9","0.6","5.3","266.1"
"","high","512.4","338.0","4130.0","32.0","12.4","48.0","145.0","1.0","4.6","313.0"
"","low","498.0","335.0","4012.4","24.0","14.0","40.0","125.0","0.0","6.0","242.5"
"C.J. Stroud","HOU","550.7","347.1","3875.7","23.5","11.4","54.4","238.7","1.0","3.5","260.6"
"","high","572.0","351.3","3948.2","28.0","10.0","57.1","249.1","1.0","3.0","310.0"
"","low","529.0","339.0","3759.0","21.0","12.1","51.0","218.0","1.0","3.9","246.1"
"Bryce Young","CAR","525.3","334.2","3456.8","22.8","12.0","57.9","261.5","3.0","3.0","255.9"
"","high","537.0","336.0","3636.5","26.0","10.0","61.0","283.0","4.0","2.0","292.0"
"","low","515.0","332.0","3355.0","20.4","14.0","55.0","229.0","2.1","4.0","238.1"
"Geno Smith","NYJ","520.7","340.8","3461.1","21.8","14.8","57.4","210.8","1.0","2.2","233.8"
"","high","540.0","361.3","3819.4","24.0","14.0","58.1","255.0","1.1","1.0","250.5"
"","low","492.0","310.0","2945.0","20.5","16.0","56.0","157.0","1.0","3.4","233.1"
"Cam Ward","TEN","563.9","345.0","3585.8","19.5","10.4","44.2","185.2","2.0","5.4","230.9"
"","high","572.0","355.0","3757.5","23.0","10.0","49.0","207.0","3.0","4.8","253.0"
"","low","557.8","331.0","3338.0","16.5","11.0","37.0","148.0","1.0","6.0","219.6"
"Jacoby Brissett","ARI","541.3","346.9","3588.0","19.3","10.4","48.7","209.9","1.4","4.8","230.2"
"","high","586.0","376.0","3767.0","24.0","9.2","56.0","242.0","2.0","3.7","276.0"
"","low","516.8","326.7","3351.9","14.9","12.0","43.0","178.0","1.0","6.0","198.6"
"Aaron Rodgers","PIT","527.4","339.3","3483.8","22.0","9.4","26.0","82.5","0.6","2.7","224.7"
"","high","568.3","362.8","3770.3","23.0","8.0","29.0","99.6","1.0","2.0","246.0"
"","low","477.0","301.0","3032.0","20.1","11.1","21.0","68.0","0.0","3.5","218.8"
"Fernando Mendoza","LV","431.6","276.2","2882.2","15.7","12.2","50.4","233.0","1.3","2.7","191.7"
"","high","449.7","284.5","3058.5","18.0","10.0","52.1","256.0","1.9","2.0","206.9"
"","low","419.0","264.0","2609.0","14.2","16.0","48.0","217.0","1.0","3.4","187.5"
"Tua Tagovailoa","ATL","337.5","218.4","2350.6","13.2","7.3","17.3","41.7","0.1","1.8","140.5"
"","high","369.0","243.0","2544.0","16.0","7.0","18.0","44.0","0.3","1.0","166.0"
"","low","301.6","204.2","2172.8","10.5","7.9","15.9","39.0","0.0","2.5","115.3"
"Deshaun Watson","CLE","304.6","187.2","1994.0","10.8","7.5","44.3","191.7","1.2","3.3","135.2"
"","high","430.0","257.0","2655.0","17.0","4.4","60.0","256.0","2.0","1.7","200.0"
"","low","195.8","120.5","1282.1","5.4","11.0","25.9","130.1","0.6","5.0","78.2"
"Shedeur Sanders","CLE","242.0","147.1","1632.3","8.1","6.5","24.8","143.0","0.6","1.5","106.2"
"","high","351.0","221.2","2434.8","10.2","3.0","32.5","182.0","1.0","1.0","142.6"
"","low","107.0","64.0","664.0","4.0","8.5","10.0","65.0","0.0","2.1","36.0"
"Michael Penix Jr.","ATL","222.8","138.8","1564.8","8.5","4.0","15.8","53.5","0.6","1.5","98.6"
"","high","265.4","168.3","1882.5","9.4","3.0","19.4","76.6","1.0","1.0","113.2"
"","low","184.0","112.0","1257.0","8.0","5.1","13.0","38.0","0.0","1.9","87.0"
"Kirk Cousins","LV","114.2","74.2","781.8","5.0","3.9","5.2","9.0","0.1","0.9","47.1"
"","high","121.0","78.6","844.0","6.0","2.7","7.0","11.0","0.3","0.9","58.5"
"","low","103.0","69.0","669.0","4.1","5.0","3.0","7.0","0.0","1.0","38.0"
"Carson Beck","ARI","64.6","40.4","449.8","2.8","1.8","6.8","26.7","0.1","0.5","29.9"
"","high","66.2","40.8","450.6","3.0","1.5","7.0","29.4","0.3","0.5","32.4"
"","low","63.0","40.0","449.0","2.6","2.0","6.6","24.0","0.0","0.5","29.3"
"Ty Simpson","LAR","40.9","25.8","298.1","2.6","0.8","4.1","18.4","0.0","0.1","23.4"
"","high","60.0","38.0","450.0","4.0","0.6","7.0","32.0","0.1","0.0","34.0"
"","low","21.9","13.5","146.3","1.2","1.0","1.1","4.8","0.0","0.2","10.0"
"Marcus Mariota","WAS","34.3","21.6","253.9","2.0","0.8","1.4","7.9","0.0","0.1","18.0"
"","high","46.0","29.0","342.0","3.0","0.7","1.8","9.8","0.1","0.0","21.0"
"","low","22.6","14.3","165.9","1.0","1.0","1.0","6.0","0.0","0.2","10.2"
"Quinn Ewers","JAC","25.8","16.2","180.6","1.3","0.9","3.3","11.7","0.0","0.1","12.7"
"","high","32.0","21.0","226.0","2.0","0.6","5.0","19.0","0.0","0.0","18.2"
"","low","22.0","13.0","157.0","1.0","1.0","1.0","4.2","0.0","0.3","7.0"
"Riley Leonard","IND","27.3","17.2","192.7","1.3","0.5","2.7","11.5","0.0","0.6","12.4"
"","high","37.0","23.0","259.0","2.0","0.0","5.0","20.0","0.1","0.2","19.3"
"","low","22.0","14.0","158.2","0.8","1.0","1.2","5.4","0.0","1.0","7.0"
"J.J. McCarthy","MIN","27.7","16.9","196.0","1.0","0.9","3.1","14.4","0.0","0.1","12.3"
"","high","41.0","24.0","286.0","1.0","0.7","4.0","19.0","0.1","0.0","17.2"
"","low","19.0","12.0","137.0","1.0","1.0","1.4","6.1","0.0","0.2","7.0"
"Justin Fields","KC","26.2","16.3","175.2","1.0","0.8","3.6","18.4","0.1","0.1","12.1"
"","high","35.0","22.0","237.0","1.0","0.4","4.0","21.0","0.2","0.0","15.4"
"","low","20.6","12.8","140.5","0.9","1.0","2.8","15.3","0.0","0.2","7.0"
"Jameis Winston","NYG","26.1","15.5","194.3","1.3","1.3","2.6","10.9","0.0","0.6","11.7"
"","high","35.0","20.0","277.0","2.0","0.9","5.0","22.0","0.0","0.2","19.9"
"","low","21.0","13.0","143.0","0.9","2.0","0.7","2.7","0.0","1.0","5.0"
"Tommy DeVito","NE","20.8","13.8","153.6","1.0","0.2","3.4","15.3","0.0","0.1","11.5"
"","high","22.5","14.7","157.0","1.0","0.0","5.0","21.0","0.1","0.0","10.3"
"","low","19.0","13.0","150.1","1.0","0.4","1.9","9.5","0.0","0.1","9.0"
"Tyson Bagent","CHI","23.1","15.1","169.9","1.0","0.2","2.8","8.7","0.0","0.1","11.5"
"","high","26.0","17.0","195.0","1.0","0.0","5.0","14.0","0.1","0.0","12.4"
"","low","21.0","14.0","156.6","1.0","0.6","1.5","6.0","0.0","0.2","8.0"
"Tyrod Taylor","GB","23.0","14.6","166.0","1.0","0.5","3.1","14.1","0.0","0.1","11.4"
"","high","30.0","18.0","211.0","1.0","0.0","5.0","21.0","0.1","0.0","13.3"
"","low","19.0","12.7","136.1","0.9","1.0","2.0","9.0","0.0","0.2","9.0"
"Jarrett Stidham","DEN","23.1","14.4","152.7","1.1","0.3","3.3","12.9","0.0","0.1","11.3"
"","high","24.0","15.0","161.4","1.1","0.0","5.0","19.0","0.1","0.0","10.4"
"","low","22.2","13.8","144.0","1.0","0.6","1.7","6.8","0.0","0.2","9.0"
"Davis Mills","HOU","26.2","16.0","175.8","0.9","0.5","2.7","9.0","0.0","0.1","11.1"
"","high","32.0","20.0","221.0","1.0","0.0","5.0","19.0","0.0","0.0","13.2"
"","low","23.0","14.0","146.5","0.8","1.0","1.0","3.9","0.0","0.1","8.4"
"Joshua Dobbs","DET","21.7","14.8","156.5","1.0","0.3","3.3","7.9","0.1","0.1","10.7"
"","high","22.0","16.0","180.0","1.0","0.0","5.0","9.0","0.1","0.0","8.7"
"","low","21.3","13.5","133.1","0.9","0.6","1.5","6.8","0.0","0.2","8.0"
"Tyler Huntley","BAL","18.3","11.8","130.8","0.9","0.3","3.5","18.7","0.0","0.1","10.6"
"","high","19.5","12.6","133.0","1.0","0.0","5.0","28.0","0.1","0.0","9.0"
"","low","17.0","11.0","128.6","0.9","0.5","2.0","9.5","0.0","0.1","8.6"
"Mac Jones","SF","22.5","14.9","160.2","1.0","0.5","2.7","8.4","0.0","0.1","10.5"
"","high","23.0","15.0","168.0","1.0","0.0","5.0","18.0","0.0","0.0","11.2"
"","low","22.0","14.7","145.6","0.9","1.0","1.0","2.2","0.0","0.1","7.0"
"Trey Lance","LAC","22.2","13.6","148.2","1.0","0.8","3.2","12.9","0.0","0.1","10.4"
"","high","22.4","14.0","149.0","1.0","0.6","5.0","19.0","0.1","0.0","9.4"
"","low","22.0","13.2","147.5","1.0","1.0","1.5","6.8","0.0","0.1","7.0"
"Anthony Richardson Sr.","IND","16.0","10.0","110.0","1.0","0.0","5.0","20.0","0.0","0.0","10.4"
"","high","16.0","10.0","110.0","1.0","0.0","5.0","20.0","0.0","0.0","8.0"
"","low","16.0","10.0","110.0","1.0","0.0","5.0","20.0","0.0","0.0","8.0"
"Tanner McKee","PHI","20.3","12.8","141.0","1.0","0.2","3.0","9.9","0.0","0.0","10.3"
"","high","21.7","13.7","153.0","1.0","0.0","5.0","16.0","0.0","0.0","9.5"
"","low","19.0","12.0","129.0","1.0","0.5","1.0","3.7","0.0","0.1","8.0"
"Joe Flacco","CIN","24.9","16.1","169.4","1.2","0.8","2.2","8.6","0.0","0.6","10.3"
"","high","25.0","17.0","174.0","1.3","0.7","4.0","16.0","0.0","0.2","10.5"
"","low","24.8","15.3","164.8","1.0","1.0","0.4","1.2","0.0","1.0","4.0"
"Kenny Pickett","CAR","22.8","14.4","157.8","1.0","0.8","2.8","10.6","0.0","0.1","10.3"
"","high","25.0","16.0","185.0","1.0","0.5","4.0","22.0","0.0","0.0","12.0"
"","low","21.0","13.0","135.0","0.9","1.0","1.3","3.7","0.0","0.2","7.0"
"Jalon Daniels","TB","19.7","12.8","140.1","1.0","0.2","1.6","7.8","0.0","0.1","10.3"
"","high","22.3","14.5","160.2","1.0","0.0","2.0","10.0","0.1","0.0","10.5"
"","low","17.0","11.0","120.0","1.0","0.5","1.3","5.5","0.0","0.2","8.0"
"Spencer Rattler","NO","22.9","14.9","156.7","0.9","0.8","2.7","12.1","0.0","0.1","10.2"
"","high","23.0","15.0","160.0","1.0","0.5","4.0","17.0","0.0","0.0","9.0"
"","low","22.8","14.9","153.4","0.8","1.0","1.3","7.1","0.0","0.2","7.0"
"Sam Howell","DAL","21.9","13.8","144.3","1.0","0.7","1.3","6.9","0.1","0.1","10.1"
"","high","21.9","13.8","144.3","1.0","0.7","1.3","6.9","0.1","0.1","9.5"
"","low","21.9","13.8","144.3","1.0","0.7","1.3","6.9","0.1","0.1","9.5"
"Drew Lock","SEA","20.6","13.0","146.6","0.9","0.8","3.1","13.1","0.0","0.1","10.0"
"","high","21.2","13.0","159.0","1.0","0.6","5.0","21.0","0.1","0.0","8.0"
"","low","20.0","12.9","134.3","0.8","1.0","1.2","5.2","0.0","0.2","7.0"
"Andy Dalton","PHI","19.0","13.0","140.0","1.0","0.0","5.0","23.0","0.0","1.0","9.9"
"","high","19.0","13.0","140.0","1.0","0.0","5.0","23.0","0.0","1.0","7.0"
"","low","19.0","13.0","140.0","1.0","0.0","5.0","23.0","0.0","1.0","7.0"
"Drew Allar","PIT","23.0","14.9","160.2","0.9","0.5","1.3","5.7","0.1","0.2","9.9"
"","high","23.0","14.9","160.2","0.9","0.5","1.3","5.7","0.1","0.2","9.5"
"","low","23.0","14.9","160.2","0.9","0.5","1.3","5.7","0.1","0.2","9.5"
"Gardner Minshew II","ARI","22.9","14.3","147.8","0.8","0.3","2.4","8.8","0.0","0.1","9.7"
"","high","24.0","15.0","154.0","1.0","0.0","4.0","15.0","0.0","0.0","8.0"
"","low","21.7","13.6","141.5","0.6","0.6","0.9","2.6","0.0","0.2","7.1"
"Cade Klubnik","NYJ","20.6","13.0","136.9","0.9","0.6","1.8","8.2","0.0","0.1","9.4"
"","high","25.0","16.0","177.0","1.0","0.0","2.0","9.0","0.1","0.0","12.0"
"","low","15.0","10.0","90.0","0.8","1.0","1.5","6.7","0.0","0.2","7.0"
"Cole Payton","PHI","14.0","9.0","105.0","1.0","0.0","2.0","10.0","0.0","0.0","9.2"
"","high","14.0","9.0","105.0","1.0","0.0","2.0","10.0","0.0","0.0","8.0"
"","low","14.0","9.0","105.0","1.0","0.0","2.0","10.0","0.0","0.0","8.0"
"Kyle Allen","BUF","21.0","12.4","138.4","1.0","0.6","2.0","3.6","0.0","0.1","9.1"
"","high","26.0","16.0","181.0","1.0","0.0","3.0","6.0","0.0","0.0","11.8"
"","low","15.0","8.0","96.0","0.9","1.0","1.1","2.0","0.0","0.2","7.0"
"Mitchell Trubisky","TEN","23.3","13.5","138.6","0.8","0.4","2.6","4.8","0.0","0.1","9.0"
"","high","23.6","15.0","154.1","1.0","0.0","4.0","7.0","0.1","0.0","8.0"
"","low","23.0","12.0","123.0","0.7","0.7","1.1","2.5","0.0","0.1","7.8"
"Jalen Milroe","SEA","11.0","7.0","89.0","1.0","0.0","5.0","14.0","0.0","0.0","9.0"
"","high","11.0","7.0","89.0","1.0","0.0","5.0","14.0","0.0","0.0","7.0"
"","low","11.0","7.0","89.0","1.0","0.0","5.0","14.0","0.0","0.0","7.0"
"Joe Milton III","DAL","16.3","10.3","119.3","0.7","0.3","3.0","14.3","0.0","0.0","8.5"
"","high","25.0","16.0","181.0","1.0","0.0","5.0","22.0","0.0","0.0","13.3"
"","low","0.0","0.0","0.0","0.0","1.0","0.0","0.0","0.0","0.0","0.0"
"Kyle McCord","MIA","18.2","11.7","123.9","0.8","0.8","1.6","6.8","0.0","0.1","8.0"
"","high","22.3","14.3","154.9","1.0","0.5","2.0","8.0","0.0","0.0","8.0"
"","low","14.0","9.0","93.0","0.6","1.0","1.3","5.5","0.0","0.2","5.0"
"Will Howard","PIT","13.0","8.0","93.0","0.5","0.5","1.0","3.5","0.0","0.0","5.6"
"","high","26.0","16.0","186.0","1.0","0.0","2.0","7.0","0.0","0.0","12.1"
"","low","0.0","0.0","0.0","0.0","1.0","0.0","0.0","0.0","0.0","0.0"
"Mason Rudolph","PIT","10.5","6.5","67.5","0.5","0.0","2.0","8.5","0.0","0.0","5.6"
"","high","21.0","13.0","135.0","1.0","0.0","4.0","17.0","0.0","0.0","9.0"
"","low","0.0","0.0","0.0","0.0","0.0","0.0","0.0","0.0","0.0","0.0"
"Stetson Bennett IV","LAR","9.0","5.5","67.5","0.5","0.0","1.0","5.0","0.0","0.0","5.2"
"","high","18.0","11.0","135.0","1.0","0.0","2.0","10.0","0.0","0.0","8.0"
"","low","0.0","0.0","0.0","0.0","0.0","0.0","0.0","0.0","0.0","0.0"
"Aidan O'Connell","LV","0.0","0.0","0.0","0.0","0.0","0.0","0.0","0.0","0.0","0.0"
"","high","0.0","0.0","0.0","0.0","0.0","0.0","0.0","0.0","0.0","0.0"
"","low","0.0","0.0","0.0","0.0","0.0","0.0","0.0","0.0","0.0","0.0"
"Brady Cook","NYJ","0.0","0.0","0.0","0.0","0.0","0.0","0.0","0.0","0.0","0.0"
"","high","0.0","0.0","0.0","0.0","0.0","0.0","0.0","0.0","0.0","0.0"
"","low","0.0","0.0","0.0","0.0","0.0","0.0","0.0","0.0","0.0","0.0"
""
""