"Player","Team","ATT","YDS","TDS","REC","YDS","TDS","FL","FPTS"
" ","","",""
"Jahmyr Gibbs","DET","274.8","1383.6","13.8","71.3","581.1","4.1","1.1","337.4"
"","high","283.4","1422.0","15.0","74.0","625.0","5.0","1.0","367.1"
"","low","262.0","1353.0","12.0","67.9","546.4","3.4","1.3","332.7"
"Bijan Robinson","ATL","285.2","1391.8","8.8","77.3","705.6","3.5","1.8","318.4"
"","high","289.0","1402.0","9.0","84.0","707.7","4.0","1.6","363.5"
"","low","280.0","1372.4","8.4","72.0","702.0","3.0","2.0","307.6"
"Christian McCaffrey","SF","269.7","1093.6","8.7","78.3","690.3","4.6","1.1","295.0"
"","high","279.0","1144.0","9.1","82.0","715.0","5.0","1.0","344.0"
"","low","256.0","1007.0","8.0","74.0","677.9","4.0","1.2","265.1"
"Jonathan Taylor","IND","326.9","1505.4","12.9","42.8","341.2","1.5","1.7","288.7"
"","high","356.0","1578.0","15.0","50.5","389.7","2.0","1.5","295.4"
"","low","299.0","1436.0","11.6","36.0","289.0","1.0","2.0","287.2"
"Derrick Henry","BAL","316.0","1577.2","13.4","18.1","175.0","0.7","1.7","265.8"
"","high","321.9","1655.0","15.0","21.4","210.0","1.2","1.5","268.1"
"","low","305.0","1504.7","12.0","16.0","144.0","0.0","2.0","260.7"
"De'Von Achane","MIA","238.4","1200.7","6.0","65.2","491.7","4.0","1.0","259.8"
"","high","258.1","1311.0","7.0","75.0","551.0","6.0","1.0","271.8"
"","low","228.0","1130.0","5.1","56.0","411.0","2.9","1.0","259.6"
"James Cook III","BUF","287.8","1405.7","10.3","33.3","283.5","1.9","2.4","254.1"
"","high","300.3","1436.0","11.0","35.9","302.4","2.0","1.8","275.9"
"","low","275.0","1377.0","9.0","32.0","273.0","1.6","3.0","230.7"
"Chase Brown","CIN","238.7","1037.0","7.8","63.8","427.7","4.0","1.1","246.6"
"","high","242.0","1066.0","9.0","72.0","471.0","5.0","1.0","269.7"
"","low","236.0","1009.0","7.0","55.0","377.0","2.9","1.2","239.3"
"Saquon Barkley","PHI","295.8","1298.0","8.2","41.7","330.3","2.1","1.0","243.6"
"","high","306.0","1374.0","9.0","43.2","370.8","2.3","1.0","262.2"
"","low","281.0","1236.0","7.0","40.0","307.0","2.0","1.0","223.9"
"Kenneth Walker III","KC","262.5","1192.0","8.7","45.8","352.7","1.2","0.9","234.8"
"","high","276.6","1239.0","9.0","48.3","376.0","2.0","0.9","259.8"
"","low","249.0","1160.0","8.0","42.0","322.0","0.0","1.0","204.9"
"Ashton Jeanty","LV","258.0","1040.2","7.4","56.7","400.3","3.0","1.1","232.4"
"","high","279.1","1127.7","8.0","65.2","495.8","5.0","1.0","262.7"
"","low","229.0","876.0","7.0","49.0","299.0","2.0","1.2","205.4"
"Omarion Hampton","LAC","243.7","1034.5","9.5","50.2","342.8","1.9","1.0","229.0"
"","high","257.0","1129.0","10.0","52.0","366.0","2.0","1.0","266.6"
"","low","220.0","890.0","9.0","47.0","299.0","1.8","1.1","197.1"
"Jeremiyah Love","ARI","237.2","1063.8","6.9","54.7","428.7","2.1","2.2","226.0"
"","high","254.5","1126.3","7.0","65.1","488.1","2.2","1.3","259.3"
"","low","211.0","983.0","6.6","43.0","381.0","2.0","3.0","194.4"
"Breece Hall","NYJ","249.1","1114.3","6.2","46.4","404.3","2.2","1.7","222.4"
"","high","265.4","1167.0","7.6","52.1","439.8","2.7","1.4","245.7"
"","low","224.0","1014.0","5.0","40.0","370.0","2.0","2.0","188.2"
"Kyren Williams","LAR","235.5","1096.4","9.7","33.5","237.0","2.2","1.5","218.6"
"","high","249.0","1171.0","10.2","34.0","245.0","3.0","1.1","247.3"
"","low","221.0","1048.0","9.0","33.0","223.1","1.6","2.0","197.7"
"Javonte Williams","DAL","256.1","1158.7","10.4","33.0","191.9","1.2","1.6","217.5"
"","high","289.3","1263.2","11.1","36.9","217.7","1.5","1.2","238.5"
"","low","234.0","1087.0","10.0","29.0","141.0","1.0","2.0","184.5"
"Travis Etienne Jr.","NO","253.2","1070.3","5.4","45.4","358.1","3.0","1.0","214.1"
"","high","262.6","1140.8","6.2","47.0","389.2","5.0","1.0","227.6"
"","low","246.0","988.0","5.0","44.0","327.0","2.0","1.0","199.7"
"Cam Skattebo","NYG","237.4","988.9","7.9","43.9","343.2","2.2","1.6","212.6"
"","high","262.0","1048.0","9.0","44.6","352.0","4.0","1.1","237.3"
"","low","209.0","907.0","6.8","43.0","331.6","1.0","2.0","204.7"
"D'Andre Swift","CHI","232.5","1049.7","8.0","35.2","303.8","1.0","1.0","205.5"
"","high","248.0","1120.0","9.0","39.0","325.0","1.1","1.0","221.6"
"","low","216.4","980.2","7.0","30.7","270.4","1.0","1.0","197.4"
"Quinshon Judkins","CLE","289.8","1106.7","8.1","33.0","223.5","0.6","0.9","199.9"
"","high","317.5","1246.0","10.0","37.0","243.0","1.0","0.7","211.1"
"","low","275.0","976.0","7.0","30.0","205.0","0.0","1.0","179.5"
"Bucky Irving","TB","252.4","1004.4","5.8","39.6","333.0","2.2","1.0","199.7"
"","high","264.0","1027.0","6.0","44.0","400.0","3.0","1.0","216.8"
"","low","244.2","991.2","5.3","36.8","294.1","1.7","1.0","190.1"
"Bhayshul Tuten","JAC","239.4","979.9","8.2","29.2","222.2","2.1","2.2","192.8"
"","high","257.0","1055.0","11.0","38.0","288.0","3.0","1.4","221.9"
"","low","224.0","890.0","6.7","16.0","128.0","1.4","3.0","178.6"
"David Montgomery","HOU","235.7","977.8","7.8","30.9","227.7","0.5","1.5","182.8"
"","high","263.0","1013.0","9.0","34.0","244.0","1.0","1.1","198.3"
"","low","217.0","935.0","7.0","27.0","211.0","0.0","2.0","170.4"
"Jadarian Price","SEA","215.5","912.9","7.6","26.0","219.8","1.1","2.0","174.6"
"","high","229.0","979.0","8.0","31.0","226.0","1.3","1.0","182.8"
"","low","195.0","837.0","7.0","20.0","212.3","1.0","3.0","165.0"
"TreVeyon Henderson","NE","185.8","852.9","6.9","35.2","244.3","1.2","0.8","174.0"
"","high","190.4","884.0","7.0","38.7","269.0","1.5","0.7","191.9"
"","low","178.0","836.0","6.7","33.0","207.0","1.0","1.0","157.6"
"Rhamondre Stevenson","NE","168.6","723.6","6.9","39.5","334.8","1.7","2.1","173.2"
"","high","173.9","741.9","7.0","43.0","350.5","2.1","1.2","194.9"
"","low","163.0","694.0","6.8","33.0","322.0","1.0","3.0","152.7"
"Jaylen Warren","PIT","189.8","833.7","4.9","42.4","322.0","1.5","1.0","172.9"
"","high","195.0","854.0","5.0","46.1","329.0","2.0","0.9","202.0"
"","low","184.3","809.2","4.6","40.0","317.0","1.0","1.0","152.2"
"Tony Pollard","TEN","236.1","1033.6","5.5","31.9","208.1","0.5","2.1","171.7"
"","high","242.0","1065.0","6.0","34.0","227.0","1.0","1.2","197.1"
"","low","227.0","993.0","5.0","29.7","182.4","0.0","3.0","148.9"
"J.K. Dobbins","DEN","219.6","1026.8","6.9","19.5","104.4","0.6","0.7","166.2"
"","high","248.0","1135.0","7.0","21.4","132.2","1.0","0.5","174.9"
"","low","204.7","957.3","6.6","16.0","77.0","0.0","1.0","156.7"
"Rico Dowdle","PIT","201.4","876.3","5.9","31.7","222.2","1.0","1.0","165.1"
"","high","227.2","992.9","7.0","36.0","253.0","1.1","1.0","175.0"
"","low","186.0","801.0","5.0","29.2","203.0","1.0","1.0","152.9"
"Chuba Hubbard","CAR","180.0","736.6","5.0","36.0","256.2","1.8","0.9","156.2"
"","high","192.0","767.0","6.0","41.1","299.7","3.0","0.9","179.5"
"","low","166.0","711.0","4.0","33.0","211.0","1.0","1.0","140.0"
"Jonathon Brooks","CAR","191.6","791.9","5.2","30.9","235.9","1.1","1.5","153.2"
"","high","214.0","878.0","7.0","36.6","278.7","1.4","1.0","163.2"
"","low","158.0","646.0","4.0","24.0","200.0","1.0","2.0","148.9"
"Kenny Gainwell","TB","116.6","512.1","4.2","49.7","351.9","2.0","0.9","146.7"
"","high","123.0","536.0","4.6","60.0","439.0","2.0","0.8","154.8"
"","low","109.0","479.0","4.0","37.0","275.0","2.0","1.0","139.9"
"Kyle Monangai","CHI","190.4","814.1","5.1","23.0","195.2","0.4","0.7","144.4"
"","high","206.0","854.0","6.4","25.9","215.7","1.3","0.4","160.8"
"","low","176.0","775.0","4.0","20.0","162.0","0.0","1.0","130.5"
"Josh Jacobs","GB","175.3","707.2","6.8","21.8","174.1","1.1","1.1","144.1"
"","high","211.9","872.7","9.4","27.5","215.3","1.3","1.0","181.8"
"","low","152.0","622.0","4.0","15.0","121.0","1.0","1.2","119.9"
"Rachaad White","WAS","137.0","605.2","5.4","35.8","247.8","1.6","0.8","143.3"
"","high","145.0","710.0","6.0","42.0","310.0","2.0","0.6","165.8"
"","low","131.0","539.0","5.0","25.0","167.0","1.0","1.0","127.9"
"Aaron Jones Sr.","MIN","150.0","639.4","3.1","40.8","300.9","1.7","1.0","141.1"
"","high","157.0","662.0","3.3","47.3","344.8","2.1","1.0","151.1"
"","low","143.0","602.0","3.0","37.0","268.0","1.0","1.0","125.4"
"Jacory Croskey-Merritt","WAS","185.1","831.0","7.5","12.3","91.3","0.2","1.8","141.1"
"","high","196.2","859.0","8.0","16.0","118.8","0.7","1.5","149.2"
"","low","179.0","788.0","7.0","9.0","71.0","0.0","2.0","131.2"
"MarShawn Lloyd","GB","180.4","762.2","6.2","19.9","154.7","1.0","1.8","141.1"
"","high","221.0","913.0","7.0","27.0","197.0","1.0","0.6","173.4"
"","low","129.1","551.6","4.6","13.0","124.0","0.9","3.0","111.6"
"RJ Harvey","DEN","107.6","405.8","4.0","45.9","341.2","3.2","0.7","139.1"
"","high","149.0","529.0","6.0","48.7","366.5","4.0","0.4","151.0"
"","low","77.8","315.5","2.9","44.0","326.0","2.6","1.0","123.6"
"Jordan Mason","MIN","192.8","879.9","6.2","14.5","75.8","0.1","1.1","138.4"
"","high","195.0","907.0","7.0","18.0","83.5","0.3","1.0","145.5"
"","low","189.0","831.0","5.0","12.0","62.0","0.0","1.2","132.5"
"Blake Corum","LAR","172.0","823.2","6.4","11.9","80.6","0.2","0.7","134.8"
"","high","181.9","888.0","7.3","16.7","116.7","0.6","0.4","148.5"
"","low","159.0","745.0","6.0","6.0","36.0","0.0","1.0","122.0"
"Tyjae Spears","TEN","94.8","379.4","3.0","45.8","306.0","1.2","0.7","115.1"
"","high","105.5","446.1","4.0","50.0","336.1","1.6","0.5","127.7"
"","low","86.0","344.0","2.0","38.0","255.0","1.0","1.0","101.9"
"Woody Marks","HOU","145.5","567.3","2.7","24.1","196.6","1.8","0.8","113.6"
"","high","151.4","613.8","3.1","27.0","214.0","3.0","0.7","119.6"
"","low","135.0","527.0","2.0","21.0","177.0","1.0","1.0","105.0"
"Zach Charbonnet","SEA","125.9","514.1","5.3","18.4","136.3","0.5","0.7","107.6"
"","high","136.6","555.3","6.9","20.3","145.0","1.0","0.3","122.9"
"","low","113.0","450.0","3.0","16.0","129.0","0.0","1.0","82.2"
"Isiah Pacheco","DET","136.7","579.4","3.4","19.5","120.7","0.8","0.7","103.4"
"","high","148.0","618.0","3.8","26.0","156.0","1.0","0.5","98.0"
"","low","125.5","540.8","3.0","12.9","85.3","0.6","1.0","91.7"
"Alvin Kamara","NO","114.0","439.9","2.4","31.9","223.7","1.0","0.8","100.7"
"","high","117.0","450.7","3.0","34.0","235.0","2.0","0.6","123.3"
"","low","111.9","428.0","2.0","30.8","208.1","0.0","1.0","83.0"
"Justice Hill","BAL","61.3","296.4","2.3","32.7","283.1","1.8","0.2","98.7"
"","high","64.0","325.0","3.0","39.4","348.3","2.0","0.0","97.0"
"","low","58.5","267.8","1.6","26.0","218.0","1.7","0.5","83.4"
"Chris Rodriguez Jr.","JAC","135.5","560.9","5.1","5.4","42.8","0.1","0.6","92.9"
"","high","177.0","694.0","8.0","10.0","76.0","0.2","0.3","110.7"
"","low","100.5","432.7","3.4","2.0","23.0","0.0","1.0","70.1"
"Dylan Sampson","CLE","74.2","257.0","1.4","37.9","291.4","2.1","1.2","92.0"
"","high","105.0","290.0","2.0","44.0","350.0","3.0","0.4","113.1"
"","low","56.6","236.1","1.0","29.8","208.1","1.2","2.0","77.3"
"Mike Washington Jr.","LV","126.0","487.1","3.1","17.7","143.0","0.6","1.2","92.0"
"","high","164.0","612.0","4.0","27.0","226.0","1.0","0.4","102.8"
"","low","88.0","362.2","2.2","8.4","60.0","0.3","2.0","65.6"
"AJ Dillon","CAR","121.0","531.0","3.0","18.0","146.0","1.0","5.0","90.7"
"","high","121.0","531.0","3.0","18.0","146.0","1.0","5.0","75.0"
"","low","121.0","531.0","3.0","18.0","146.0","1.0","5.0","75.0"
"Braelon Allen","NYJ","111.8","449.4","4.5","13.9","100.7","0.7","1.7","89.7"
"","high","141.0","550.0","6.0","15.0","111.0","1.0","0.4","93.9"
"","low","82.7","348.8","2.9","12.7","90.4","0.4","3.0","71.1"
"Samaje Perine","CIN","98.4","441.8","3.7","17.9","135.2","0.4","1.9","87.1"
"","high","100.9","444.0","4.0","18.8","139.4","0.7","0.8","90.5"
"","low","96.0","439.6","3.3","17.0","131.0","0.0","3.0","67.9"
"Tyler Allgeier","ARI","111.7","421.6","4.2","17.0","110.8","0.2","0.6","86.6"
"","high","126.0","459.0","5.0","18.1","125.7","0.4","0.2","81.6"
"","low","97.3","384.1","3.3","16.0","96.0","0.0","1.0","78.5"
"Kaelon Black","SF","113.6","452.1","3.6","10.6","94.2","0.7","1.2","83.2"
"","high","152.0","593.0","5.0","13.0","126.0","1.0","0.3","92.3"
"","low","75.2","311.1","2.2","8.1","62.5","0.4","2.0","57.5"
"Ty Johnson","BUF","51.9","222.5","2.1","22.8","244.1","2.2","0.2","83.0"
"","high","53.0","225.0","2.1","24.0","280.0","3.0","0.0","75.4"
"","low","50.8","219.9","2.0","21.6","208.2","1.3","0.4","74.7"
"Malik Davis","DAL","104.2","479.4","3.5","10.7","82.3","0.2","0.7","82.5"
"","high","115.0","553.0","4.0","12.4","89.5","0.5","0.3","77.3"
"","low","93.5","405.9","3.0","9.0","75.0","0.0","1.0","75.1"
"Brian Robinson Jr.","ATL","120.2","517.1","3.9","7.3","46.7","0.1","0.7","82.5"
"","high","134.6","560.4","4.0","9.0","59.1","0.3","0.5","88.8"
"","low","107.0","462.0","3.7","4.0","23.0","0.0","1.0","72.6"
"Tank Bigsby","PHI","104.6","510.7","4.2","3.8","31.8","0.1","0.7","80.2"
"","high","126.0","649.0","5.0","4.0","35.0","0.1","0.4","86.9"
"","low","83.2","372.4","3.4","3.6","28.6","0.0","1.0","62.4"
"Keaton Mitchell","LAC","95.6","432.3","2.2","15.5","114.5","0.4","0.7","76.6"
"","high","108.0","472.0","2.4","20.0","156.9","0.8","0.5","81.6"
"","low","83.3","392.6","2.0","11.0","72.0","0.0","1.0","58.8"
"Tyrone Tracy Jr.","NYG","82.9","352.0","1.5","19.6","147.3","0.8","0.6","72.3"
"","high","123.0","524.0","2.0","28.0","215.0","1.0","0.2","101.3"
"","low","35.8","151.9","0.5","11.9","86.8","0.4","1.0","38.8"
"Najee Harris","NYG","93.6","392.3","2.6","11.1","75.5","0.2","0.2","69.0"
"","high","107.2","431.7","3.0","12.1","76.1","0.4","0.0","71.9"
"","low","80.0","353.0","2.3","10.0","75.0","0.0","0.3","53.5"
"Jordan James","SF","80.7","322.0","2.5","14.0","131.5","0.6","1.1","68.7"
"","high","126.0","493.0","4.0","24.0","232.0","1.0","0.2","89.0"
"","low","35.4","151.0","1.0","4.1","31.0","0.2","2.0","32.1"
"Chris Brooks","GB","80.9","360.0","1.7","14.3","100.8","0.3","0.6","63.9"
"","high","118.0","527.0","2.0","15.5","110.6","0.6","0.2","67.1"
"","low","43.8","193.0","1.4","13.0","91.0","0.0","1.0","49.0"
"Kimani Vidal","LAC","60.2","234.2","1.6","11.9","104.0","0.7","0.1","53.0"
"","high","87.0","332.0","2.0","16.0","145.0","1.0","0.0","54.0"
"","low","33.3","136.4","1.1","7.8","63.0","0.4","0.2","34.5"
"Brashard Smith","KC","46.1","176.9","1.1","18.7","131.7","1.0","0.1","52.5"
"","high","51.0","179.0","1.2","21.0","142.0","1.0","0.0","52.6"
"","low","41.3","174.8","1.0","16.4","121.4","1.0","0.3","37.3"
"Jaylen Wright","MIA","82.1","318.2","1.6","7.2","52.6","0.1","1.3","48.3"
"","high","104.0","384.0","2.0","7.5","56.2","0.2","0.5","42.6"
"","low","60.2","252.4","1.2","7.0","49.0","0.0","2.0","41.9"
"Emanuel Wilson","SEA","70.2","290.0","1.7","7.7","52.1","0.0","0.5","47.4"
"","high","129.0","532.0","3.0","14.0","94.0","0.1","0.1","69.8"
"","low","11.4","48.0","0.4","1.4","10.3","0.0","1.0","12.4"
"Jonah Coleman","DEN","48.7","203.0","1.6","10.2","74.8","0.4","0.2","44.2"
"","high","65.5","272.1","2.1","17.4","126.5","0.8","0.0","62.1"
"","low","32.0","134.0","1.0","3.0","23.0","0.0","0.3","17.1"
"Kyle Juszczyk","SF","4.2","10.3","0.1","23.7","207.3","1.5","0.1","42.7"
"","high","4.4","18.6","0.2","27.0","254.0","2.0","0.0","39.8"
"","low","4.0","2.0","0.0","20.4","160.6","0.9","0.1","36.1"
"James Conner","ARI","32.5","113.0","1.0","14.0","106.0","1.0","0.0","40.9"
"","high","65.0","226.0","2.0","28.0","212.0","2.0","0.0","57.0"
"","low","0.0","0.0","0.0","0.0","0.0","0.0","0.0","7.0"
"Isaiah Davis","NYJ","35.1","174.9","1.2","9.9","78.6","0.2","0.1","38.5"
"","high","39.2","178.8","1.3","12.9","96.3","0.4","0.0","43.2"
"","low","31.0","171.0","1.0","7.0","61.0","0.0","0.1","23.0"
"George Holani","SEA","38.9","164.2","1.5","8.0","62.2","0.3","0.2","37.1"
"","high","38.9","164.2","1.5","8.0","62.2","0.3","0.2","37.5"
"","low","38.9","164.2","1.5","8.0","62.2","0.3","0.2","37.5"
"LeQuint Allen Jr.","JAC","32.0","126.0","0.6","15.3","99.2","0.4","0.1","36.2"
"","high","56.0","218.0","1.0","21.7","148.4","0.9","0.0","32.5"
"","low","8.0","34.0","0.2","9.0","50.0","0.0","0.1","27.7"
"Emmett Johnson","KC","46.0","191.9","1.5","5.7","41.2","0.2","0.1","35.9"
"","high","61.9","257.9","2.0","8.4","59.3","0.4","0.0","48.3"
"","low","30.0","126.0","1.0","3.0","23.0","0.0","0.3","14.8"
"Adam Randall","BAL","31.0","169.5","1.0","6.5","70.5","0.5","0.5","35.3"
"","high","62.0","339.0","2.0","13.0","141.0","1.0","0.0","50.3"
"","low","0.0","0.0","0.0","0.0","0.0","0.0","1.0","3.3"
"Roschon Johnson","CHI","34.0","116.0","3.0","3.0","18.0","0.0","0.0","32.9"
"","high","34.0","116.0","3.0","3.0","18.0","0.0","0.0","24.5"
"","low","34.0","116.0","3.0","3.0","18.0","0.0","0.0","24.5"
"Ray Davis","BUF","32.3","138.3","1.1","7.8","60.0","0.4","0.2","32.1"
"","high","32.3","138.3","1.1","7.8","60.0","0.4","0.2","34.3"
"","low","32.3","138.3","1.1","7.8","60.0","0.4","0.2","34.3"
"Ollie Gordon II","MIA","47.3","195.1","1.2","3.9","27.9","0.1","0.2","31.8"
"","high","47.3","195.1","1.2","3.9","27.9","0.1","0.2","31.9"
"","low","47.3","195.1","1.2","3.9","27.9","0.1","0.2","31.9"
"Sean Tucker","TB","39.3","163.6","2.2","1.5","10.2","0.0","0.1","31.4"
"","high","43.6","182.2","2.4","2.0","14.4","0.1","0.0","35.7"
"","low","35.0","145.0","2.0","1.0","6.0","0.0","0.3","18.7"
"Seth McGowan","IND","32.7","139.6","1.5","5.3","42.2","0.2","0.1","30.8"
"","high","33.4","141.0","2.0","8.6","59.5","0.3","0.0","30.5"
"","low","32.0","138.2","1.1","2.0","25.0","0.0","0.2","21.6"
"Corey Kiner","NE","34.0","150.0","1.0","2.0","20.0","0.0","0.0","24.0"
"","high","34.0","150.0","1.0","2.0","20.0","0.0","0.0","14.0"
"","low","34.0","150.0","1.0","2.0","20.0","0.0","0.0","14.0"
"Jeremy McNichols","WAS","17.0","88.0","1.0","7.0","53.0","0.0","0.0","23.6"
"","high","17.0","88.0","1.0","7.0","53.0","0.0","0.0","15.5"
"","low","17.0","88.0","1.0","7.0","53.0","0.0","0.0","15.5"
"Kendre Miller","NO","29.4","119.9","1.3","2.5","16.3","0.0","0.0","22.6"
"","high","35.0","140.0","2.0","3.0","21.6","0.1","0.0","19.3"
"","low","23.8","99.8","0.5","2.0","11.0","0.0","0.1","16.9"
"Audric Estime","NO","30.0","122.0","1.0","3.0","24.0","0.0","0.0","22.1"
"","high","30.0","122.0","1.0","3.0","24.0","0.0","0.0","13.5"
"","low","30.0","122.0","1.0","3.0","24.0","0.0","0.0","13.5"
"Jacob Saylors","DET","23.2","100.7","1.0","4.2","30.1","0.2","0.1","22.0"
"","high","23.2","100.7","1.0","4.2","30.1","0.2","0.1","23.9"
"","low","23.2","100.7","1.0","4.2","30.1","0.2","0.1","23.9"
"Will Shipley","PHI","9.2","39.5","0.3","11.3","83.4","0.4","0.1","21.9"
"","high","9.2","39.5","0.3","11.3","83.4","0.4","0.1","22.4"
"","low","9.2","39.5","0.3","11.3","83.4","0.4","0.1","22.4"
"Hunter Luepke","DAL","13.4","56.4","0.4","8.6","61.5","0.4","0.1","20.7"
"","high","13.4","56.4","0.4","8.6","61.5","0.4","0.1","20.7"
"","low","13.4","56.4","0.4","8.6","61.5","0.4","0.1","20.7"
"Kaytron Allen","WAS","23.6","110.8","0.7","3.0","25.7","0.1","0.0","20.0"
"","high","35.0","171.0","1.0","4.1","29.3","0.2","0.0","18.5"
"","low","12.3","50.7","0.4","2.0","22.0","0.0","0.1","13.2"
"Demond Claiborne","MIN","21.6","96.2","0.7","3.3","25.2","0.1","0.0","18.5"
"","high","29.0","133.0","1.0","4.5","29.5","0.2","0.0","14.0"
"","low","14.2","59.5","0.4","2.0","21.0","0.0","0.1","13.6"
"Tahj Brooks","CIN","30.3","128.1","0.9","0.0","0.0","0.0","0.1","18.2"
"","high","30.3","128.1","0.9","0.0","0.0","0.0","0.1","18.4"
"","low","30.3","128.1","0.9","0.0","0.0","0.0","0.1","18.4"
"Nicholas Singleton","TEN","20.3","83.6","0.6","4.3","30.1","0.2","0.1","17.6"
"","high","20.3","83.6","0.6","4.3","30.1","0.2","0.1","17.6"
"","low","20.3","83.6","0.6","4.3","30.1","0.2","0.1","17.6"
"Jerome Ford","WAS","17.5","97.0","0.5","4.0","23.0","0.0","0.0","17.0"
"","high","35.0","194.0","1.0","8.0","46.0","0.0","0.0","21.0"
"","low","0.0","0.0","0.0","0.0","0.0","0.0","0.0","2.0"
"Rasheen Ali","BAL","14.6","62.0","0.4","3.5","28.4","0.2","0.1","14.2"
"","high","14.6","62.0","0.4","3.5","28.4","0.2","0.1","14.7"
"","low","14.6","62.0","0.4","3.5","28.4","0.2","0.1","14.7"
"Michael Burton","CLE","6.6","13.8","0.6","5.1","33.3","0.6","0.0","14.0"
"","high","9.0","17.7","1.0","6.0","40.0","1.0","0.0","15.6"
"","low","4.3","10.0","0.1","4.2","26.7","0.2","0.0","8.4"
"DJ Giddens","IND","12.5","52.8","0.4","4.2","28.9","0.2","0.1","13.4"
"","high","12.5","52.8","0.4","4.2","28.9","0.2","0.1","13.4"
"","low","12.5","52.8","0.4","4.2","28.9","0.2","0.1","13.4"
"Andrew Beck","NYJ","0.5","4.0","0.0","4.6","31.8","1.1","0.0","12.5"
"","high","1.0","8.0","0.0","5.0","35.0","2.0","0.0","15.3"
"","low","0.0","0.0","0.0","4.2","28.5","0.2","0.0","6.5"
"Alec Ingold","LAC","2.1","8.6","0.1","7.9","58.7","0.2","0.1","12.4"
"","high","2.1","8.6","0.1","7.9","58.7","0.2","0.1","12.4"
"","low","2.1","8.6","0.1","7.9","58.7","0.2","0.1","12.4"
"Adam Prentice","DEN","4.1","17.4","0.1","4.1","29.8","0.2","0.0","8.4"
"","high","4.1","17.4","0.1","4.1","29.8","0.2","0.0","8.4"
"","low","4.1","17.4","0.1","4.1","29.8","0.2","0.0","8.4"
"Connor Heyward","LV","4.2","17.4","0.1","4.0","29.0","0.2","0.0","8.2"
"","high","4.2","17.4","0.1","4.0","29.0","0.2","0.0","8.3"
"","low","4.2","17.4","0.1","4.0","29.0","0.2","0.0","8.3"
"Max Bredeson","MIN","2.0","8.5","0.1","4.5","29.5","0.2","0.0","7.4"
"","high","2.0","8.5","0.1","4.5","29.5","0.2","0.0","7.4"
"","low","2.0","8.5","0.1","4.5","29.5","0.2","0.0","7.4"
"Riley Nowakowski","PIT","0.0","0.0","0.0","4.3","29.2","0.2","0.0","6.0"
"","high","0.0","0.0","0.0","4.3","29.2","0.2","0.0","6.0"
"","low","0.0","0.0","0.0","4.3","29.2","0.2","0.0","6.0"
"Reggie Gilliam","NE","0.0","0.0","0.0","4.1","29.9","0.2","0.0","5.9"
"","high","0.0","0.0","0.0","4.1","29.9","0.2","0.0","5.9"
"","low","0.0","0.0","0.0","4.1","29.9","0.2","0.0","5.9"
"Patrick Ricard","NYG","0.0","0.0","0.0","3.9","26.8","0.1","0.0","5.4"
"","high","0.0","0.0","0.0","3.9","26.8","0.1","0.0","5.4"
"","low","0.0","0.0","0.0","3.9","26.8","0.1","0.0","5.4"
"Kaleb Johnson","GB","5.3","22.7","0.2","0.9","6.7","0.0","0.0","4.8"
"","high","5.3","22.7","0.2","0.9","6.7","0.0","0.0","4.8"
"","low","5.3","22.7","0.2","0.9","6.7","0.0","0.0","4.8"
"British Brooks","HOU","4.2","18.0","0.1","0.0","0.0","0.0","0.0","2.4"
"","high","4.2","18.0","0.1","0.0","0.0","0.0","0.0","2.4"
"","low","4.2","18.0","0.1","0.0","0.0","0.0","0.0","2.4"
"Devin Singletary","NYG","0.0","0.0","0.0","0.0","0.0","0.0","0.0","0.0"
"","high","0.0","0.0","0.0","0.0","0.0","0.0","0.0","0.0"
"","low","0.0","0.0","0.0","0.0","0.0","0.0","0.0","0.0"
"DeeJay Dallas","JAC","0.0","0.0","0.0","0.0","0.0","0.0","0.0","0.0"
"","high","0.0","0.0","0.0","0.0","0.0","0.0","0.0","0.0"
"","low","0.0","0.0","0.0","0.0","0.0","0.0","0.0","0.0"
"Kene Nwangwu","NYJ","0.0","0.0","0.0","0.0","0.0","0.0","0.0","0.0"
"","high","0.0","0.0","0.0","0.0","0.0","0.0","0.0","2.3"
"","low","0.0","0.0","0.0","0.0","0.0","0.0","0.0","2.3"
"Devin Neal","NO","0.0","0.0","0.0","0.0","0.0","0.0","0.0","0.0"
"","high","0.0","0.0","0.0","0.0","0.0","0.0","0.0","0.0"
"","low","0.0","0.0","0.0","0.0","0.0","0.0","0.0","0.0"
"Tyler Badie","DEN","0.0","0.0","0.0","0.0","0.0","0.0","0.0","0.0"
"","high","0.0","0.0","0.0","0.0","0.0","0.0","0.0","0.4"
"","low","0.0","0.0","0.0","0.0","0.0","0.0","0.0","0.4"
"Bam Knight","ARI","0.0","0.0","0.0","0.0","0.0","0.0","0.0","0.0"
"","high","0.0","0.0","0.0","0.0","0.0","0.0","0.0","0.8"
"","low","0.0","0.0","0.0","0.0","0.0","0.0","0.0","0.8"
"Trey Benson","ARI","0.0","0.0","0.0","0.0","0.0","0.0","0.0","0.0"
"","high","0.0","0.0","0.0","0.0","0.0","0.0","0.0","0.0"
"","low","0.0","0.0","0.0","0.0","0.0","0.0","0.0","0.0"
"Trevor Etienne","CAR","0.0","0.0","0.0","0.0","0.0","0.0","0.0","0.0"
"","high","0.0","0.0","0.0","0.0","0.0","0.0","0.0","0.0"
"","low","0.0","0.0","0.0","0.0","0.0","0.0","0.0","0.0"
"Dylan Laube","LV","0.0","0.0","0.0","0.0","0.0","0.0","0.0","0.0"
"","high","0.0","0.0","0.0","0.0","0.0","0.0","0.0","0.7"
"","low","0.0","0.0","0.0","0.0","0.0","0.0","0.0","0.7"
"Sione Vaki","DET","0.0","0.0","0.0","0.0","0.0","0.0","0.0","0.0"
"","high","0.0","0.0","0.0","0.0","0.0","0.0","0.0","0.8"
"","low","0.0","0.0","0.0","0.0","0.0","0.0","0.0","0.8"
"Isaac Guerendo","SF","0.0","0.0","0.0","0.0","0.0","0.0","0.0","0.0"
"","high","0.0","0.0","0.0","0.0","0.0","0.0","0.0","0.0"
"","low","0.0","0.0","0.0","0.0","0.0","0.0","0.0","0.0"
"Chris Collier","LV","0.0","0.0","0.0","0.0","0.0","0.0","0.0","0.0"
"","high","0.0","0.0","0.0","0.0","0.0","0.0","0.0","0.0"
"","low","0.0","0.0","0.0","0.0","0.0","0.0","0.0","0.0"
""
""